"Localidades";"Períodos";"Taxa de Mortalidade Infantil (Por mil nascidos vivos)";"Taxa de Mortalidade Neonatal Precoce (Por mil nascidos vivos)";"Taxa de Mortalidade Neonatal (Por mil nascidos vivos)";"Taxa de Mortalidade Pós Neonatal (Por mil nascidos vivos)";"Taxa de Mortalidade Neonatal Tardia (Por mil nascidos vivos)";"Cód. IBGE"
"Adamantina";"2018";"5,26";"5,26";"5,26";"-";"-";3500105
"Adolfo";"2018";"21,74";"-";"-";"21,74";"-";3500204
"Aguaí";"2018";"6,58";"4,39";"6,58";"-";"2,19";3500303
"Águas da Prata";"2018";"21,98";"21,98";"21,98";"-";"-";3500402
"Águas de Lindóia";"2018";"5,21";"5,21";"5,21";"-";"-";3500501
"Águas de Santa Bárbara";"2018";"18,18";"18,18";"18,18";"-";"-";3500550
"Águas de São Pedro";"2018";"-";"-";"-";"-";"-";3500600
"Agudos";"2018";"16,98";"3,77";"7,55";"9,43";"3,77";3500709
"Alambari";"2018";"44,12";"14,71";"44,12";"-";"29,41";3500758
"Alfredo Marcondes";"2018";"16,95";"16,95";"16,95";"-";"-";3500808
"Altair";"2018";"-";"-";"-";"-";"-";3500907
"Altinópolis";"2018";"16,22";"10,81";"16,22";"-";"5,41";3501004
"Alto Alegre";"2018";"58,82";"29,41";"29,41";"29,41";"-";3501103
"Alumínio";"2018";"14,56";"4,85";"14,56";"-";"9,71";3501152
"Álvares Florence";"2018";"-";"-";"-";"-";"-";3501202
"Álvares Machado";"2018";"-";"-";"-";"-";"-";3501301
"Álvaro de Carvalho";"2018";"-";"-";"-";"-";"-";3501400
"Alvinlândia";"2018";"19,23";"19,23";"19,23";"-";"-";3501509
"Americana";"2018";"10,72";"6,65";"8,13";"2,59";"1,48";3501608
"Américo Brasiliense";"2018";"13,39";"6,7";"11,16";"2,23";"4,46";3501707
"Américo de Campos";"2018";"31,25";"-";"15,63";"15,63";"15,63";3501806
"Amparo";"2018";"6,03";"3,62";"4,83";"1,21";"1,21";3501905
"Analândia";"2018";"22,22";"-";"-";"22,22";"-";3502002
"Andradina";"2018";"11,02";"6,89";"8,26";"2,75";"1,38";3502101
"Angatuba";"2018";"11,83";"8,88";"8,88";"2,96";"-";3502200
"Anhembi";"2018";"-";"-";"-";"-";"-";3502309
"Anhumas";"2018";"17,86";"17,86";"17,86";"-";"-";3502408
"Aparecida";"2018";"4,6";"2,3";"4,6";"-";"2,3";3502507
"Aparecida d'Oeste";"2018";"-";"-";"-";"-";"-";3502606
"Apiaí";"2018";"11,36";"5,68";"8,52";"2,84";"2,84";3502705
"Aramina";"2018";"15,63";"-";"-";"15,63";"-";3503000
"Arandu";"2018";"11,36";"-";"-";"11,36";"-";3503109
"Arapeí";"2018";"52,63";"-";"52,63";"-";"52,63";3503158
"Araraquara";"2018";"12,45";"7,82";"10,31";"2,13";"2,49";3503208
"Araras";"2018";"13,4";"5,74";"9,57";"3,83";"3,83";3503307
"Araçariguama";"2018";"10,58";"5,29";"7,94";"2,65";"2,65";3502754
"Araçatuba";"2018";"15,49";"8,79";"10,47";"5,03";"1,68";3502804
"Araçoiaba da Serra";"2018";"8,13";"5,42";"8,13";"-";"2,71";3502903
"Arco-Íris";"2018";"45,45";"-";"45,45";"-";"45,45";3503356
"Arealva";"2018";"14,49";"-";"-";"14,49";"-";3503406
"Areias";"2018";"-";"-";"-";"-";"-";3503505
"Areiópolis";"2018";"19,87";"-";"13,25";"6,62";"13,25";3503604
"Ariranha";"2018";"-";"-";"-";"-";"-";3503703
"Artur Nogueira";"2018";"7,32";"2,93";"4,39";"2,93";"1,46";3503802
"Arujá";"2018";"14,65";"8,06";"10,99";"3,66";"2,93";3503901
"Aspásia";"2018";"-";"-";"-";"-";"-";3503950
"Assis";"2018";"15,81";"9,98";"11,65";"4,16";"1,66";3504008
"Atibaia";"2018";"4,22";"2,35";"2,35";"1,88";"-";3504107
"Auriflama";"2018";"7,04";"7,04";"7,04";"-";"-";3504206
"Avaí";"2018";"-";"-";"-";"-";"-";3504305
"Avanhandava";"2018";"20,27";"6,76";"13,51";"6,76";"6,76";3504404
"Avaré";"2018";"11,24";"8,24";"8,99";"2,25";"0,75";3504503
"Bady Bassitt";"2018";"7,43";"-";"3,72";"3,72";"3,72";3504602
"Balbinos";"2018";"-";"-";"-";"-";"-";3504701
"Bálsamo";"2018";"-";"-";"-";"-";"-";3504800
"Bananal";"2018";"-";"-";"-";"-";"-";3504909
"Barão de Antonina";"2018";"-";"-";"-";"-";"-";3505005
"Barbosa";"2018";"10,2";"-";"-";"10,2";"-";3505104
"Bariri";"2018";"14,49";"4,83";"12,08";"2,42";"7,25";3505203
"Barra Bonita";"2018";"14,33";"8,6";"8,6";"5,73";"-";3505302
"Barra do Chapéu";"2018";"-";"-";"-";"-";"-";3505351
"Barra do Turvo";"2018";"37,04";"24,69";"24,69";"12,35";"-";3505401
"Barretos";"2018";"13,79";"9,85";"13,13";"0,66";"3,28";3505500
"Barrinha";"2018";"16,13";"6,05";"10,08";"6,05";"4,03";3505609
"Barueri";"2018";"8,26";"3,16";"5,27";"2,99";"2,11";3505708
"Bastos";"2018";"16,95";"10,17";"13,56";"3,39";"3,39";3505807
"Batatais";"2018";"9,41";"6,72";"8,06";"1,34";"1,34";3505906
"Bauru";"2018";"8,53";"3,41";"4,69";"3,84";"1,28";3506003
"Bebedouro";"2018";"18,2";"11,78";"14,99";"3,21";"3,21";3506102
"Bento de Abreu";"2018";"-";"-";"-";"-";"-";3506201
"Bernardino de Campos";"2018";"7,3";"-";"7,3";"-";"7,3";3506300
"Bertioga";"2018";"13,42";"5,75";"9,59";"3,84";"3,84";3506359
"Bilac";"2018";"-";"-";"-";"-";"-";3506409
"Birigui";"2018";"12,66";"6";"9,99";"2,66";"4";3506508
"Biritiba Mirim";"2018";"10,15";"-";"5,08";"5,08";"5,08";3506607
"Boa Esperança do Sul";"2018";"12,2";"6,1";"6,1";"6,1";"-";3506706
"Bocaina";"2018";"25,64";"19,23";"19,23";"6,41";"-";3506805
"Bofete";"2018";"13,79";"6,9";"13,79";"-";"6,9";3506904
"Boituva";"2018";"8,3";"7,12";"8,3";"-";"1,19";3507001
"Bom Jesus dos Perdões";"2018";"3,02";"3,02";"3,02";"-";"-";3507100
"Bom Sucesso de Itararé";"2018";"18,52";"-";"18,52";"-";"18,52";3507159
"Borá";"2018";"-";"-";"-";"-";"-";3507209
"Boracéia";"2018";"52,63";"35,09";"35,09";"17,54";"-";3507308
"Borborema";"2018";"20,27";"6,76";"6,76";"13,51";"-";3507407
"Borebi";"2018";"-";"-";"-";"-";"-";3507456
"Botucatu";"2018";"15,83";"6,55";"12,01";"3,82";"5,46";3507506
"Bragança Paulista";"2018";"7,6";"3,13";"4,02";"3,57";"0,89";3507605
"Braúna";"2018";"-";"-";"-";"-";"-";3507704
"Brejo Alegre";"2018";"-";"-";"-";"-";"-";3507753
"Brodowski";"2018";"21,54";"3,08";"9,23";"12,31";"6,15";3507803
"Brotas";"2018";"8,93";"5,95";"5,95";"2,98";"-";3507902
"Buri";"2018";"9,35";"3,12";"3,12";"6,23";"-";3508009
"Buritama";"2018";"14,93";"4,98";"4,98";"9,95";"-";3508108
"Buritizal";"2018";"-";"-";"-";"-";"-";3508207
"Cabrália Paulista";"2018";"19,23";"-";"-";"19,23";"-";3508306
"Cabreúva";"2018";"10,8";"8,1";"8,1";"2,7";"-";3508405
"Cachoeira Paulista";"2018";"9,13";"4,57";"6,85";"2,28";"2,28";3508603
"Caconde";"2018";"9,13";"4,57";"4,57";"4,57";"-";3508702
"Cafelândia";"2018";"17,39";"13,04";"13,04";"4,35";"-";3508801
"Caiabu";"2018";"25";"25";"25";"-";"-";3508900
"Caieiras";"2018";"6,63";"4,42";"5,15";"1,47";"0,74";3509007
"Caiuá";"2018";"20,41";"-";"-";"20,41";"-";3509106
"Cajamar";"2018";"5,24";"4,49";"4,49";"0,75";"-";3509205
"Cajati";"2018";"4,21";"-";"2,11";"2,11";"2,11";3509254
"Cajobi";"2018";"-";"-";"-";"-";"-";3509304
"Cajuru";"2018";"8,85";"5,9";"5,9";"2,95";"-";3509403
"Campina do Monte Alegre";"2018";"21,51";"10,75";"10,75";"10,75";"-";3509452
"Campinas";"2018";"9,12";"4,49";"6,28";"2,84";"1,78";3509502
"Campo Limpo Paulista";"2018";"4,98";"2,99";"3,98";"1";"1";3509601
"Campos do Jordão";"2018";"9,26";"3,97";"3,97";"5,29";"-";3509700
"Campos Novos Paulista";"2018";"-";"-";"-";"-";"-";3509809
"Cananéia";"2018";"5,38";"5,38";"5,38";"-";"-";3509908
"Canas";"2018";"-";"-";"-";"-";"-";3509957
"Cândido Mota";"2018";"14,66";"5,87";"8,8";"5,87";"2,93";3510005
"Cândido Rodrigues";"2018";"-";"-";"-";"-";"-";3510104
"Canitar";"2018";"-";"-";"-";"-";"-";3510153
"Capão Bonito";"2018";"12,27";"12,27";"12,27";"-";"-";3510203
"Capela do Alto";"2018";"18,75";"6,25";"12,5";"6,25";"6,25";3510302
"Capivari";"2018";"7,31";"2,92";"7,31";"-";"4,39";3510401
"Caraguatatuba";"2018";"10,34";"2,72";"6,53";"3,81";"3,81";3510500
"Carapicuíba";"2018";"9,39";"4,77";"7,36";"2,02";"2,6";3510609
"Cardoso";"2018";"25,86";"-";"17,24";"8,62";"17,24";3510708
"Casa Branca";"2018";"12,66";"9,49";"9,49";"3,16";"-";3510807
"Cássia dos Coqueiros";"2018";"-";"-";"-";"-";"-";3510906
"Castilho";"2018";"25,86";"12,93";"17,24";"8,62";"4,31";3511003
"Catanduva";"2018";"8,19";"2,23";"4,47";"3,72";"2,23";3511102
"Catiguá";"2018";"-";"-";"-";"-";"-";3511201
"Caçapava";"2018";"9,13";"6,09";"7,61";"1,52";"1,52";3508504
"Cedral";"2018";"-";"-";"-";"-";"-";3511300
"Cerqueira César";"2018";"14,87";"3,72";"7,43";"7,43";"3,72";3511409
"Cerquilho";"2018";"9,65";"7,72";"7,72";"1,93";"-";3511508
"Cesário Lange";"2018";"7,6";"3,8";"7,6";"-";"3,8";3511607
"Charqueada";"2018";"4,37";"-";"-";"4,37";"-";3511706
"Chavantes";"2018";"-";"-";"-";"-";"-";3557204
"Clementina";"2018";"26,32";"17,54";"26,32";"-";"8,77";3511904
"Colina";"2018";"4,44";"-";"-";"4,44";"-";3512001
"Colômbia";"2018";"9,52";"-";"9,52";"-";"9,52";3512100
"Conchal";"2018";"11,93";"7,95";"7,95";"3,98";"-";3512209
"Conchas";"2018";"14,02";"4,67";"4,67";"9,35";"-";3512308
"Cordeirópolis";"2018";"3,23";"3,23";"3,23";"-";"-";3512407
"Coroados";"2018";"18,52";"-";"18,52";"-";"18,52";3512506
"Coronel Macedo";"2018";"-";"-";"-";"-";"-";3512605
"Corumbataí";"2018";"-";"-";"-";"-";"-";3512704
"Cosmópolis";"2018";"7,97";"5,31";"5,31";"2,66";"-";3512803
"Cosmorama";"2018";"20,62";"10,31";"20,62";"-";"10,31";3512902
"Cotia";"2018";"7,72";"3,38";"5,06";"2,65";"1,69";3513009
"Cravinhos";"2018";"9,8";"9,8";"9,8";"-";"-";3513108
"Cristais Paulista";"2018";"18,87";"9,43";"9,43";"9,43";"-";3513207
"Cruzália";"2018";"-";"-";"-";"-";"-";3513306
"Cruzeiro";"2018";"11,96";"7,61";"8,7";"3,26";"1,09";3513405
"Cubatão";"2018";"12,95";"6,17";"8,64";"4,32";"2,47";3513504
"Cunha";"2018";"12,24";"12,24";"12,24";"-";"-";3513603
"Descalvado";"2018";"2,69";"2,69";"2,69";"-";"-";3513702
"Diadema";"2018";"11,3";"6,28";"8,97";"2,33";"2,69";3513801
"Dirce Reis";"2018";"76,92";"76,92";"76,92";"-";"-";3513850
"Divinolândia";"2018";"-";"-";"-";"-";"-";3513900
"Dobrada";"2018";"-";"-";"-";"-";"-";3514007
"Dois Córregos";"2018";"8,7";"5,8";"8,7";"-";"2,9";3514106
"Dolcinópolis";"2018";"-";"-";"-";"-";"-";3514205
"Dourado";"2018";"23,26";"11,63";"11,63";"11,63";"-";3514304
"Dracena";"2018";"15,75";"9,84";"11,81";"3,94";"1,97";3514403
"Duartina";"2018";"22,22";"7,41";"14,81";"7,41";"7,41";3514502
"Dumont";"2018";"7,58";"-";"-";"7,58";"-";3514601
"Echaporã";"2018";"10,53";"10,53";"10,53";"-";"-";3514700
"Eldorado";"2018";"12,55";"4,18";"4,18";"8,37";"-";3514809
"Elias Fausto";"2018";"12,88";"8,58";"8,58";"4,29";"-";3514908
"Elisiário";"2018";"-";"-";"-";"-";"-";3514924
"Embaúba";"2018";"-";"-";"-";"-";"-";3514957
"Embu das Artes";"2018";"8,95";"4,47";"5,65";"3,3";"1,18";3515004
"Embu-Guaçu";"2018";"11,08";"3,02";"4,03";"7,05";"1,01";3515103
"Emilianópolis";"2018";"-";"-";"-";"-";"-";3515129
"Engenheiro Coelho";"2018";"3,37";"3,37";"3,37";"-";"-";3515152
"Espírito Santo do Pinhal";"2018";"6,42";"6,42";"6,42";"-";"-";3515186
"Espírito Santo do Turvo";"2018";"32,26";"16,13";"16,13";"16,13";"-";3515194
"Estiva Gerbi";"2018";"14,6";"7,3";"7,3";"7,3";"-";3557303
"Estrela d'Oeste";"2018";"12,05";"12,05";"12,05";"-";"-";3515202
"Estrela do Norte";"2018";"-";"-";"-";"-";"-";3515301
"Euclides da Cunha Paulista";"2018";"8,55";"8,55";"8,55";"-";"-";3515350
"Fartura";"2018";"4,78";"-";"-";"4,78";"-";3515400
"Fernando Prestes";"2018";"-";"-";"-";"-";"-";3515608
"Fernandópolis";"2018";"1,26";"-";"-";"1,26";"-";3515509
"Fernão";"2018";"43,48";"43,48";"43,48";"-";"-";3515657
"Ferraz de Vasconcelos";"2018";"12,74";"4,73";"8,73";"4";"4";3515707
"Flora Rica";"2018";"-";"-";"-";"-";"-";3515806
"Floreal";"2018";"-";"-";"-";"-";"-";3515905
"Flórida Paulista";"2018";"31,58";"31,58";"31,58";"-";"-";3516002
"Florínea";"2018";"-";"-";"-";"-";"-";3516101
"Franca";"2018";"10,53";"6,28";"7,49";"3,04";"1,21";3516200
"Francisco Morato";"2018";"14,79";"5,28";"9,86";"4,93";"4,58";3516309
"Franco da Rocha";"2018";"11,92";"4,13";"6,42";"5,5";"2,29";3516408
"Gabriel Monteiro";"2018";"-";"-";"-";"-";"-";3516507
"Gália";"2018";"11,76";"-";"-";"11,76";"-";3516606
"Garça";"2018";"11,56";"7,71";"7,71";"3,85";"-";3516705
"Gastão Vidigal";"2018";"-";"-";"-";"-";"-";3516804
"Gavião Peixoto";"2018";"-";"-";"-";"-";"-";3516853
"General Salgado";"2018";"8,33";"8,33";"8,33";"-";"-";3516903
"Getulina";"2018";"10,42";"10,42";"10,42";"-";"-";3517000
"Glicério";"2018";"18,52";"18,52";"18,52";"-";"-";3517109
"Guaimbê";"2018";"37,74";"18,87";"37,74";"-";"18,87";3517307
"Guaíra";"2018";"8,85";"2,21";"4,42";"4,42";"2,21";3517406
"Guaiçara";"2018";"28,17";"14,08";"21,13";"7,04";"7,04";3517208
"Guapiara";"2018";"22,81";"15,21";"19,01";"3,8";"3,8";3517604
"Guapiaçu";"2018";"-";"-";"-";"-";"-";3517505
"Guará";"2018";"8,3";"4,15";"8,3";"-";"4,15";3517703
"Guaraci";"2018";"17,39";"8,7";"8,7";"8,7";"-";3517901
"Guarani d'Oeste";"2018";"-";"-";"-";"-";"-";3518008
"Guarantã";"2018";"-";"-";"-";"-";"-";3518107
"Guararapes";"2018";"11,4";"2,85";"2,85";"8,55";"-";3518206
"Guararema";"2018";"9,43";"4,72";"9,43";"-";"4,72";3518305
"Guaratinguetá";"2018";"8,83";"5,43";"6,11";"2,72";"0,68";3518404
"Guaraçaí";"2018";"13,16";"13,16";"13,16";"-";"-";3517802
"Guareí";"2018";"-";"-";"-";"-";"-";3518503
"Guariba";"2018";"14,74";"8,42";"10,53";"4,21";"2,11";3518602
"Guarujá";"2018";"18,03";"6,68";"12,47";"5,57";"5,79";3518701
"Guarulhos";"2018";"13,25";"5,96";"8,48";"4,77";"2,53";3518800
"Guatapará";"2018";"-";"-";"-";"-";"-";3518859
"Guzolândia";"2018";"-";"-";"-";"-";"-";3518909
"Herculândia";"2018";"21,28";"10,64";"10,64";"10,64";"-";3519006
"Holambra";"2018";"14,85";"9,9";"14,85";"-";"4,95";3519055
"Hortolândia";"2018";"7,18";"3,27";"4,57";"2,61";"1,31";3519071
"Iacanga";"2018";"7,04";"7,04";"7,04";"-";"-";3519105
"Iacri";"2018";"44,12";"14,71";"29,41";"14,71";"14,71";3519204
"Iaras";"2018";"13,7";"-";"-";"13,7";"-";3519253
"Ibaté";"2018";"3,82";"-";"1,91";"1,91";"1,91";3519303
"Ibirá";"2018";"-";"-";"-";"-";"-";3519402
"Ibirarema";"2018";"-";"-";"-";"-";"-";3519501
"Ibitinga";"2018";"10,48";"5,24";"7,86";"2,62";"2,62";3519600
"Ibiúna";"2018";"17,01";"6,27";"8,95";"8,06";"2,69";3519709
"Icém";"2018";"20,83";"10,42";"20,83";"-";"10,42";3519808
"Iepê";"2018";"18,69";"18,69";"18,69";"-";"-";3519907
"Igarapava";"2018";"15,67";"3,13";"3,13";"12,54";"-";3520103
"Igaratá";"2018";"13,51";"6,76";"6,76";"6,76";"-";3520202
"Igaraçu do Tietê";"2018";"12,74";"9,55";"9,55";"3,18";"-";3520004
"Iguape";"2018";"13,26";"7,96";"7,96";"5,31";"-";3520301
"Ilha Comprida";"2018";"5,81";"-";"5,81";"-";"5,81";3520426
"Ilha Solteira";"2018";"7,6";"3,8";"7,6";"-";"3,8";3520442
"Ilhabela";"2018";"7,92";"3,96";"5,94";"1,98";"1,98";3520400
"Indaiatuba";"2018";"9,9";"3";"4,8";"5,1";"1,8";3520509
"Indiana";"2018";"33,33";"-";"-";"33,33";"-";3520608
"Indiaporã";"2018";"23,26";"23,26";"23,26";"-";"-";3520707
"Inúbia Paulista";"2018";"-";"-";"-";"-";"-";3520806
"Ipaussu";"2018";"25,91";"5,18";"20,73";"5,18";"15,54";3520905
"Iperó";"2018";"8,85";"-";"-";"8,85";"-";3521002
"Ipeúna";"2018";"21,74";"21,74";"21,74";"-";"-";3521101
"Ipiguá";"2018";"-";"-";"-";"-";"-";3521150
"Iporanga";"2018";"20,41";"20,41";"20,41";"-";"-";3521200
"Ipuã";"2018";"16,67";"11,11";"11,11";"5,56";"-";3521309
"Iracemápolis";"2018";"-";"-";"-";"-";"-";3521408
"Irapuã";"2018";"10,99";"-";"-";"10,99";"-";3521507
"Irapuru";"2018";"16,95";"-";"-";"16,95";"-";3521606
"Itaberá";"2018";"27,4";"22,83";"22,83";"4,57";"-";3521705
"Itaí";"2018";"11,46";"2,87";"5,73";"5,73";"2,87";3521804
"Itajobi";"2018";"-";"-";"-";"-";"-";3521903
"Itaju";"2018";"61,22";"61,22";"61,22";"-";"-";3522000
"Itanhaém";"2018";"12,5";"3,47";"6,94";"5,56";"3,47";3522109
"Itaoca";"2018";"-";"-";"-";"-";"-";3522158
"Itapecerica da Serra";"2018";"10,66";"4,95";"6,85";"3,81";"1,9";3522208
"Itapetininga";"2018";"14,08";"8,18";"9,54";"4,54";"1,36";3522307
"Itapeva";"2018";"13,69";"10,09";"12,25";"1,44";"2,16";3522406
"Itapevi";"2018";"14,3";"6,66";"9,12";"5,18";"2,46";3522505
"Itapira";"2018";"9,5";"5,94";"7,13";"2,38";"1,19";3522604
"Itapirapuã Paulista";"2018";"-";"-";"-";"-";"-";3522653
"Itápolis";"2018";"4,1";"2,05";"4,1";"-";"2,05";3522703
"Itaporanga";"2018";"17,65";"11,76";"17,65";"-";"5,88";3522802
"Itapuí";"2018";"-";"-";"-";"-";"-";3522901
"Itapura";"2018";"-";"-";"-";"-";"-";3523008
"Itaquaquecetuba";"2018";"11,43";"5,14";"7,62";"3,81";"2,49";3523107
"Itararé";"2018";"15,02";"9,01";"13,51";"1,5";"4,5";3523206
"Itariri";"2018";"9,9";"9,9";"9,9";"-";"-";3523305
"Itatiba";"2018";"14,57";"6,25";"9,72";"4,86";"3,47";3523404
"Itatinga";"2018";"3,97";"-";"3,97";"-";"3,97";3523503
"Itirapina";"2018";"16,48";"10,99";"10,99";"5,49";"-";3523602
"Itirapuã";"2018";"-";"-";"-";"-";"-";3523701
"Itobi";"2018";"23,53";"11,76";"11,76";"11,76";"-";3523800
"Itu";"2018";"9,82";"4,46";"7,14";"2,68";"2,68";3523909
"Itupeva";"2018";"7,19";"6";"7,19";"-";"1,2";3524006
"Ituverava";"2018";"2,24";"2,24";"2,24";"-";"-";3524105
"Jaborandi";"2018";"-";"-";"-";"-";"-";3524204
"Jaboticabal";"2018";"7,67";"2,56";"2,56";"5,12";"-";3524303
"Jacareí";"2018";"7,77";"3,38";"5,07";"2,7";"1,69";3524402
"Jaci";"2018";"-";"-";"-";"-";"-";3524501
"Jacupiranga";"2018";"4,1";"4,1";"4,1";"-";"-";3524600
"Jaguariúna";"2018";"2,43";"2,43";"2,43";"-";"-";3524709
"Jales";"2018";"10,04";"8,03";"8,03";"2,01";"-";3524808
"Jambeiro";"2018";"13,51";"13,51";"13,51";"-";"-";3524907
"Jandira";"2018";"11,67";"4,67";"7,58";"4,08";"2,92";3525003
"Jardinópolis";"2018";"6,92";"3,46";"5,19";"1,73";"1,73";3525102
"Jarinu";"2018";"4,06";"2,03";"2,03";"2,03";"-";3525201
"Jaú";"2018";"12,82";"7,94";"10,99";"1,83";"3,05";3525300
"Jeriquara";"2018";"-";"-";"-";"-";"-";3525409
"Joanópolis";"2018";"6,41";"6,41";"6,41";"-";"-";3525508
"João Ramalho";"2018";"-";"-";"-";"-";"-";3525607
"José Bonifácio";"2018";"11,49";"6,9";"9,2";"2,3";"2,3";3525706
"Júlio Mesquita";"2018";"-";"-";"-";"-";"-";3525805
"Jumirim";"2018";"-";"-";"-";"-";"-";3525854
"Jundiaí";"2018";"6,91";"3,07";"4,91";"1,99";"1,84";3525904
"Junqueirópolis";"2018";"8,37";"8,37";"8,37";"-";"-";3526001
"Juquiá";"2018";"14,29";"7,14";"10,71";"3,57";"3,57";3526100
"Juquitiba";"2018";"6,36";"4,24";"4,24";"2,12";"-";3526209
"Lagoinha";"2018";"-";"-";"-";"-";"-";3526308
"Laranjal Paulista";"2018";"21,74";"7,25";"12,08";"9,66";"4,83";3526407
"Lavínia";"2018";"22,73";"22,73";"22,73";"-";"-";3526506
"Lavrinhas";"2018";"10,42";"-";"-";"10,42";"-";3526605
"Leme";"2018";"9,2";"3,34";"6,69";"2,51";"3,34";3526704
"Lençóis Paulista";"2018";"13,51";"7,37";"7,37";"6,14";"-";3526803
"Limeira";"2018";"8,29";"5,7";"6,22";"2,07";"0,52";3526902
"Lindóia";"2018";"-";"-";"-";"-";"-";3527009
"Lins";"2018";"12,86";"5,93";"6,92";"5,93";"0,99";3527108
"Lorena";"2018";"10,61";"4,08";"8,98";"1,63";"4,9";3527207
"Lourdes";"2018";"47,62";"47,62";"47,62";"-";"-";3527256
"Louveira";"2018";"11,52";"7,68";"11,52";"-";"3,84";3527306
"Lucélia";"2018";"10,36";"-";"-";"10,36";"-";3527405
"Lucianópolis";"2018";"-";"-";"-";"-";"-";3527504
"Luís Antônio";"2018";"6,99";"-";"6,99";"-";"6,99";3527603
"Luiziânia";"2018";"15,63";"-";"15,63";"-";"15,63";3527702
"Lupércio";"2018";"17,54";"-";"17,54";"-";"17,54";3527801
"Lutécia";"2018";"57,14";"28,57";"28,57";"28,57";"-";3527900
"Macatuba";"2018";"4,85";"-";"-";"4,85";"-";3528007
"Macaubal";"2018";"-";"-";"-";"-";"-";3528106
"Macedônia";"2018";"-";"-";"-";"-";"-";3528205
"Magda";"2018";"-";"-";"-";"-";"-";3528304
"Mairinque";"2018";"11,7";"4,39";"7,31";"4,39";"2,92";3528403
"Mairiporã";"2018";"14,11";"5,29";"7,94";"6,17";"2,65";3528502
"Manduri";"2018";"10,1";"10,1";"10,1";"-";"-";3528601
"Marabá Paulista";"2018";"-";"-";"-";"-";"-";3528700
"Maracaí";"2018";"11,17";"5,59";"11,17";"-";"5,59";3528809
"Marapoama";"2018";"-";"-";"-";"-";"-";3528858
"Mariápolis";"2018";"-";"-";"-";"-";"-";3528908
"Marília";"2018";"9,98";"6,44";"7,41";"2,58";"0,97";3529005
"Marinópolis";"2018";"-";"-";"-";"-";"-";3529104
"Martinópolis";"2018";"9,9";"3,3";"6,6";"3,3";"3,3";3529203
"Matão";"2018";"10,45";"3,13";"7,31";"3,13";"4,18";3529302
"Mauá";"2018";"11,46";"5,28";"8,92";"2,55";"3,64";3529401
"Mendonça";"2018";"15,63";"15,63";"15,63";"-";"-";3529500
"Meridiano";"2018";"32,26";"-";"-";"32,26";"-";3529609
"Mesópolis";"2018";"-";"-";"-";"-";"-";3529658
"Miguelópolis";"2018";"11,15";"3,72";"3,72";"7,43";"-";3529708
"Mineiros do Tietê";"2018";"6,37";"-";"-";"6,37";"-";3529807
"Mira Estrela";"2018";"-";"-";"-";"-";"-";3530003
"Miracatu";"2018";"3,34";"3,34";"3,34";"-";"-";3529906
"Mirandópolis";"2018";"13,94";"6,97";"13,94";"-";"6,97";3530102
"Mirante do Paranapanema";"2018";"5,95";"5,95";"5,95";"-";"-";3530201
"Mirassol";"2018";"5,23";"1,31";"3,92";"1,31";"2,61";3530300
"Mirassolândia";"2018";"33,33";"16,67";"33,33";"-";"16,67";3530409
"Mococa";"2018";"7,44";"3,72";"3,72";"3,72";"-";3530508
"Mogi das Cruzes";"2018";"13,05";"5,83";"7,52";"5,53";"1,69";3530607
"Mogi Guaçu";"2018";"8,94";"3,97";"6,46";"2,48";"2,48";3530706
"Mogi Mirim";"2018";"1,91";"1,91";"1,91";"-";"-";3530805
"Mombuca";"2018";"-";"-";"-";"-";"-";3530904
"Mongaguá";"2018";"20,28";"10,14";"13,94";"6,34";"3,8";3531100
"Monte Alegre do Sul";"2018";"16,39";"-";"16,39";"-";"16,39";3531209
"Monte Alto";"2018";"3,88";"-";"-";"3,88";"-";3531308
"Monte Aprazível";"2018";"11,86";"7,91";"7,91";"3,95";"-";3531407
"Monte Azul Paulista";"2018";"18,52";"13,89";"13,89";"4,63";"-";3531506
"Monte Castelo";"2018";"20,41";"20,41";"20,41";"-";"-";3531605
"Monte Mor";"2018";"8,19";"2,34";"5,85";"2,34";"3,51";3531803
"Monteiro Lobato";"2018";"-";"-";"-";"-";"-";3531704
"Monções";"2018";"-";"-";"-";"-";"-";3531001
"Morro Agudo";"2018";"15,15";"12,63";"12,63";"2,53";"-";3531902
"Morungaba";"2018";"10,99";"5,49";"5,49";"5,49";"-";3532009
"Motuca";"2018";"-";"-";"-";"-";"-";3532058
"Murutinga do Sul";"2018";"-";"-";"-";"-";"-";3532108
"Nantes";"2018";"-";"-";"-";"-";"-";3532157
"Narandiba";"2018";"15,15";"15,15";"15,15";"-";"-";3532207
"Natividade da Serra";"2018";"-";"-";"-";"-";"-";3532306
"Nazaré Paulista";"2018";"8,51";"4,26";"4,26";"4,26";"-";3532405
"Neves Paulista";"2018";"19,8";"-";"19,8";"-";"19,8";3532504
"Nhandeara";"2018";"-";"-";"-";"-";"-";3532603
"Nipoã";"2018";"12,5";"-";"-";"12,5";"-";3532702
"Nova Aliança";"2018";"-";"-";"-";"-";"-";3532801
"Nova Campina";"2018";"7,94";"-";"7,94";"-";"7,94";3532827
"Nova Canaã Paulista";"2018";"-";"-";"-";"-";"-";3532843
"Nova Castilho";"2018";"-";"-";"-";"-";"-";3532868
"Nova Europa";"2018";"6,94";"6,94";"6,94";"-";"-";3532900
"Nova Granada";"2018";"19,23";"15,38";"19,23";"-";"3,85";3533007
"Nova Guataporanga";"2018";"-";"-";"-";"-";"-";3533106
"Nova Independência";"2018";"-";"-";"-";"-";"-";3533205
"Nova Luzitânia";"2018";"-";"-";"-";"-";"-";3533304
"Nova Odessa";"2018";"14,16";"9,92";"9,92";"4,25";"-";3533403
"Novais";"2018";"19,61";"-";"19,61";"-";"19,61";3533254
"Novo Horizonte";"2018";"16,77";"8,39";"12,58";"4,19";"4,19";3533502
"Nuporanga";"2018";"-";"-";"-";"-";"-";3533601
"Ocauçu";"2018";"-";"-";"-";"-";"-";3533700
"Óleo";"2018";"34,48";"-";"-";"34,48";"-";3533809
"Olímpia";"2018";"14,49";"7,25";"10,14";"4,35";"2,9";3533908
"Onda Verde";"2018";"-";"-";"-";"-";"-";3534005
"Oriente";"2018";"-";"-";"-";"-";"-";3534104
"Orindiúva";"2018";"-";"-";"-";"-";"-";3534203
"Orlândia";"2018";"6,7";"6,7";"6,7";"-";"-";3534302
"Osasco";"2018";"11,12";"5,66";"8,84";"2,28";"3,18";3534401
"Oscar Bressane";"2018";"-";"-";"-";"-";"-";3534500
"Osvaldo Cruz";"2018";"18,4";"3,07";"12,27";"6,13";"9,2";3534609
"Ourinhos";"2018";"10,84";"3,87";"6,97";"3,87";"3,1";3534708
"Ouro Verde";"2018";"10,1";"10,1";"10,1";"-";"-";3534807
"Ouroeste";"2018";"7,63";"7,63";"7,63";"-";"-";3534757
"Pacaembu";"2018";"-";"-";"-";"-";"-";3534906
"Palestina";"2018";"-";"-";"-";"-";"-";3535002
"Palmares Paulista";"2018";"14,49";"-";"-";"14,49";"-";3535101
"Palmeira d'Oeste";"2018";"21,98";"-";"-";"21,98";"-";3535200
"Palmital";"2018";"22,81";"7,6";"15,21";"7,6";"7,6";3535309
"Panorama";"2018";"9,8";"9,8";"9,8";"-";"-";3535408
"Paraguaçu Paulista";"2018";"6,46";"4,85";"4,85";"1,62";"-";3535507
"Paraibuna";"2018";"9,35";"4,67";"4,67";"4,67";"-";3535606
"Paraíso";"2018";"15,15";"-";"15,15";"-";"15,15";3535705
"Paranapanema";"2018";"-";"-";"-";"-";"-";3535804
"Paranapuã";"2018";"-";"-";"-";"-";"-";3535903
"Parapuã";"2018";"-";"-";"-";"-";"-";3536000
"Pardinho";"2018";"12,5";"-";"-";"12,5";"-";3536109
"Pariquera-Açu";"2018";"6,97";"6,97";"6,97";"-";"-";3536208
"Parisi";"2018";"-";"-";"-";"-";"-";3536257
"Patrocínio Paulista";"2018";"4,95";"-";"4,95";"-";"4,95";3536307
"Paulicéia";"2018";"10,99";"-";"10,99";"-";"10,99";3536406
"Paulínia";"2018";"10,35";"5,82";"6,47";"3,88";"0,65";3536505
"Paulistânia";"2018";"-";"-";"-";"-";"-";3536570
"Paulo de Faria";"2018";"-";"-";"-";"-";"-";3536604
"Pederneiras";"2018";"12,03";"5,15";"6,87";"5,15";"1,72";3536703
"Pedra Bela";"2018";"-";"-";"-";"-";"-";3536802
"Pedranópolis";"2018";"28,57";"28,57";"28,57";"-";"-";3536901
"Pedregulho";"2018";"5,26";"-";"-";"5,26";"-";3537008
"Pedreira";"2018";"4,18";"2,09";"4,18";"-";"2,09";3537107
"Pedrinhas Paulista";"2018";"-";"-";"-";"-";"-";3537156
"Pedro de Toledo";"2018";"22,06";"14,71";"22,06";"-";"7,35";3537206
"Penápolis";"2018";"20,03";"12,02";"14,69";"5,34";"2,67";3537305
"Pereira Barreto";"2018";"9,68";"6,45";"6,45";"3,23";"-";3537404
"Pereiras";"2018";"8,93";"8,93";"8,93";"-";"-";3537503
"Peruíbe";"2018";"14,54";"9,35";"12,46";"2,08";"3,12";3537602
"Piacatu";"2018";"35,71";"17,86";"17,86";"17,86";"-";3537701
"Piedade";"2018";"14,27";"7,13";"11,41";"2,85";"4,28";3537800
"Pilar do Sul";"2018";"15,27";"10,18";"10,18";"5,09";"-";3537909
"Pindamonhangaba";"2018";"10,85";"5,64";"6,94";"3,91";"1,3";3538006
"Pindorama";"2018";"21,58";"7,19";"21,58";"-";"14,39";3538105
"Pinhalzinho";"2018";"12,74";"-";"6,37";"6,37";"6,37";3538204
"Piquerobi";"2018";"32,26";"-";"-";"32,26";"-";3538303
"Piquete";"2018";"6,8";"6,8";"6,8";"-";"-";3538501
"Piracaia";"2018";"2,78";"-";"-";"2,78";"-";3538600
"Piracicaba";"2018";"10,95";"6,77";"8,76";"2,19";"1,99";3538709
"Piraju";"2018";"2,91";"2,91";"2,91";"-";"-";3538808
"Pirajuí";"2018";"27,52";"13,76";"13,76";"13,76";"-";3538907
"Pirangi";"2018";"7,87";"-";"-";"7,87";"-";3539004
"Pirapora do Bom Jesus";"2018";"6,99";"-";"3,5";"3,5";"3,5";3539103
"Pirapozinho";"2018";"13,16";"9,87";"9,87";"3,29";"-";3539202
"Pirassununga";"2018";"13,53";"6,76";"10,15";"3,38";"3,38";3539301
"Piratininga";"2018";"10,93";"5,46";"10,93";"-";"5,46";3539400
"Pitangueiras";"2018";"15,42";"11,01";"15,42";"-";"4,41";3539509
"Planalto";"2018";"13,7";"-";"13,7";"-";"13,7";3539608
"Platina";"2018";"22,22";"22,22";"22,22";"-";"-";3539707
"Poá";"2018";"9,52";"4,17";"5,95";"3,57";"1,79";3539806
"Poloni";"2018";"-";"-";"-";"-";"-";3539905
"Pompéia";"2018";"8,47";"4,24";"4,24";"4,24";"-";3540002
"Pongaí";"2018";"-";"-";"-";"-";"-";3540101
"Pontal";"2018";"8,71";"6,97";"6,97";"1,74";"-";3540200
"Pontalinda";"2018";"17,54";"-";"17,54";"-";"17,54";3540259
"Pontes Gestal";"2018";"-";"-";"-";"-";"-";3540309
"Populina";"2018";"20,41";"20,41";"20,41";"-";"-";3540408
"Porangaba";"2018";"10,53";"-";"10,53";"-";"10,53";3540507
"Porto Feliz";"2018";"13,04";"8,7";"11,59";"1,45";"2,9";3540606
"Porto Ferreira";"2018";"1,66";"-";"-";"1,66";"-";3540705
"Potim";"2018";"8,06";"4,03";"4,03";"4,03";"-";3540754
"Potirendaba";"2018";"10,31";"5,15";"5,15";"5,15";"-";3540804
"Pracinha";"2018";"-";"-";"-";"-";"-";3540853
"Pradópolis";"2018";"9,26";"-";"-";"9,26";"-";3540903
"Praia Grande";"2018";"13,32";"4";"7,55";"5,77";"3,55";3541000
"Pratânia";"2018";"-";"-";"-";"-";"-";3541059
"Presidente Alves";"2018";"-";"-";"-";"-";"-";3541109
"Presidente Bernardes";"2018";"21,74";"21,74";"21,74";"-";"-";3541208
"Presidente Epitácio";"2018";"23,9";"13,94";"19,92";"3,98";"5,98";3541307
"Presidente Prudente";"2018";"10,32";"4,33";"5,66";"4,66";"1,33";3541406
"Presidente Venceslau";"2018";"7,52";"2,51";"5,01";"2,51";"2,51";3541505
"Promissão";"2018";"6,88";"-";"2,29";"4,59";"2,29";3541604
"Quadra";"2018";"-";"-";"-";"-";"-";3541653
"Quatá";"2018";"18,29";"6,1";"6,1";"12,2";"-";3541703
"Queiroz";"2018";"-";"-";"-";"-";"-";3541802
"Queluz";"2018";"14,93";"14,93";"14,93";"-";"-";3541901
"Quintana";"2018";"20,62";"10,31";"20,62";"-";"10,31";3542008
"Rafard";"2018";"-";"-";"-";"-";"-";3542107
"Rancharia";"2018";"5,38";"-";"5,38";"-";"5,38";3542206
"Redenção da Serra";"2018";"-";"-";"-";"-";"-";3542305
"Regente Feijó";"2018";"13,1";"8,73";"8,73";"4,37";"-";3542404
"Reginópolis";"2018";"-";"-";"-";"-";"-";3542503
"Registro";"2018";"11,75";"8,23";"10,58";"1,18";"2,35";3542602
"Restinga";"2018";"9,26";"-";"-";"9,26";"-";3542701
"Ribeira";"2018";"-";"-";"-";"-";"-";3542800
"Ribeirão Bonito";"2018";"25,64";"25,64";"25,64";"-";"-";3542909
"Ribeirão Branco";"2018";"17,8";"8,9";"8,9";"8,9";"-";3543006
"Ribeirão Corrente";"2018";"-";"-";"-";"-";"-";3543105
"Ribeirão do Sul";"2018";"46,51";"23,26";"23,26";"23,26";"-";3543204
"Ribeirão dos Índios";"2018";"-";"-";"-";"-";"-";3543238
"Ribeirão Grande";"2018";"11,11";"-";"11,11";"-";"11,11";3543253
"Ribeirão Pires";"2018";"8,86";"5,17";"5,9";"2,95";"0,74";3543303
"Ribeirão Preto";"2018";"7,36";"3,8";"5,7";"1,66";"1,9";3543402
"Rifaina";"2018";"25";"25";"25";"-";"-";3543600
"Rincão";"2018";"-";"-";"-";"-";"-";3543709
"Rinópolis";"2018";"10,53";"10,53";"10,53";"-";"-";3543808
"Rio Claro";"2018";"5,67";"3,24";"5,27";"0,41";"2,03";3543907
"Rio das Pedras";"2018";"6,71";"-";"2,24";"4,47";"2,24";3544004
"Rio Grande da Serra";"2018";"17,51";"12,26";"14,01";"3,5";"1,75";3544103
"Riolândia";"2018";"8,06";"-";"-";"8,06";"-";3544202
"Riversul";"2018";"-";"-";"-";"-";"-";3543501
"Rosana";"2018";"14,29";"9,52";"14,29";"-";"4,76";3544251
"Roseira";"2018";"-";"-";"-";"-";"-";3544301
"Rubiácea";"2018";"-";"-";"-";"-";"-";3544400
"Rubinéia";"2018";"-";"-";"-";"-";"-";3544509
"Sabino";"2018";"-";"-";"-";"-";"-";3544608
"Sagres";"2018";"-";"-";"-";"-";"-";3544707
"Sales";"2018";"-";"-";"-";"-";"-";3544806
"Sales Oliveira";"2018";"7,69";"-";"-";"7,69";"-";3544905
"Salesópolis";"2018";"13,27";"4,42";"4,42";"8,85";"-";3545001
"Salmourão";"2018";"-";"-";"-";"-";"-";3545100
"Saltinho";"2018";"-";"-";"-";"-";"-";3545159
"Salto";"2018";"9,94";"5,26";"7,02";"2,92";"1,75";3545209
"Salto de Pirapora";"2018";"20,56";"13,08";"18,69";"1,87";"5,61";3545308
"Salto Grande";"2018";"-";"-";"-";"-";"-";3545407
"Sandovalina";"2018";"-";"-";"-";"-";"-";3545506
"Santa Adélia";"2018";"6,85";"-";"-";"6,85";"-";3545605
"Santa Albertina";"2018";"32,79";"32,79";"32,79";"-";"-";3545704
"Santa Bárbara d'Oeste";"2018";"10,59";"4,66";"6,78";"3,81";"2,12";3545803
"Santa Branca";"2018";"18,87";"-";"6,29";"12,58";"6,29";3546009
"Santa Clara d'Oeste";"2018";"-";"-";"-";"-";"-";3546108
"Santa Cruz da Conceição";"2018";"-";"-";"-";"-";"-";3546207
"Santa Cruz da Esperança";"2018";"-";"-";"-";"-";"-";3546256
"Santa Cruz das Palmeiras";"2018";"5,22";"-";"-";"5,22";"-";3546306
"Santa Cruz do Rio Pardo";"2018";"6,78";"5,08";"6,78";"-";"1,69";3546405
"Santa Ernestina";"2018";"13,33";"-";"-";"13,33";"-";3546504
"Santa Fé do Sul";"2018";"14,15";"11,79";"14,15";"-";"2,36";3546603
"Santa Gertrudes";"2018";"2,99";"2,99";"2,99";"-";"-";3546702
"Santa Isabel";"2018";"12,8";"7,11";"9,96";"2,84";"2,84";3546801
"Santa Lúcia";"2018";"30";"20";"30";"-";"10";3546900
"Santa Maria da Serra";"2018";"21,28";"10,64";"21,28";"-";"10,64";3547007
"Santa Mercedes";"2018";"-";"-";"-";"-";"-";3547106
"Santa Rita d'Oeste";"2018";"-";"-";"-";"-";"-";3547403
"Santa Rita do Passa Quatro";"2018";"12,24";"-";"4,08";"8,16";"4,08";3547502
"Santa Rosa de Viterbo";"2018";"6,69";"-";"3,34";"3,34";"3,34";3547601
"Santa Salete";"2018";"-";"-";"-";"-";"-";3547650
"Santana da Ponte Pensa";"2018";"-";"-";"-";"-";"-";3547205
"Santana de Parnaíba";"2018";"7,14";"3,12";"3,57";"3,57";"0,45";3547304
"Santo Anastácio";"2018";"4,76";"-";"4,76";"-";"4,76";3547700
"Santo André";"2018";"9,7";"4,46";"5,8";"3,9";"1,34";3547809
"Santo Antônio da Alegria";"2018";"13,16";"-";"-";"13,16";"-";3547908
"Santo Antônio de Posse";"2018";"3,36";"3,36";"3,36";"-";"-";3548005
"Santo Antônio do Aracanguá";"2018";"27,52";"27,52";"27,52";"-";"-";3548054
"Santo Antônio do Jardim";"2018";"-";"-";"-";"-";"-";3548104
"Santo Antônio do Pinhal";"2018";"11,63";"-";"-";"11,63";"-";3548203
"Santo Expedito";"2018";"-";"-";"-";"-";"-";3548302
"Santópolis do Aguapeí";"2018";"-";"-";"-";"-";"-";3548401
"Santos";"2018";"12,01";"3,93";"6,77";"5,24";"2,84";3548500
"São Bento do Sapucaí";"2018";"7,69";"7,69";"7,69";"-";"-";3548609
"São Bernardo do Campo";"2018";"9,47";"4,64";"6,78";"2,69";"2,14";3548708
"São Caetano do Sul";"2018";"9,9";"2,33";"5,82";"4,07";"3,49";3548807
"São Carlos";"2018";"9,26";"5,87";"7,72";"1,54";"1,85";3548906
"São Francisco";"2018";"-";"-";"-";"-";"-";3549003
"São João da Boa Vista";"2018";"8,57";"3,81";"4,76";"3,81";"0,95";3549102
"São João das Duas Pontes";"2018";"-";"-";"-";"-";"-";3549201
"São João de Iracema";"2018";"-";"-";"-";"-";"-";3549250
"São João do Pau d'Alho";"2018";"-";"-";"-";"-";"-";3549300
"São Joaquim da Barra";"2018";"15,71";"8,73";"12,22";"3,49";"3,49";3549409
"São José da Bela Vista";"2018";"38,46";"19,23";"38,46";"-";"19,23";3549508
"São José do Barreiro";"2018";"25";"-";"25";"-";"25";3549607
"São José do Rio Pardo";"2018";"7,36";"5,89";"7,36";"-";"1,47";3549706
"São José do Rio Preto";"2018";"8,69";"3,72";"6,2";"2,48";"2,48";3549805
"São José dos Campos";"2018";"10,71";"4,94";"7,21";"3,5";"2,27";3549904
"São Lourenço da Serra";"2018";"14,85";"14,85";"14,85";"-";"-";3549953
"São Luiz do Paraitinga";"2018";"-";"-";"-";"-";"-";3550001
"São Manuel";"2018";"6,33";"4,22";"4,22";"2,11";"-";3550100
"São Miguel Arcanjo";"2018";"21,9";"12,17";"14,6";"7,3";"2,43";3550209
"São Paulo";"2018";"11";"4,96";"7,35";"3,65";"2,39";3550308
"São Pedro";"2018";"9,66";"2,42";"4,83";"4,83";"2,42";3550407
"São Pedro do Turvo";"2018";"-";"-";"-";"-";"-";3550506
"São Roque";"2018";"14,1";"10,34";"13,16";"0,94";"2,82";3550605
"São Sebastião";"2018";"6,28";"3,14";"3,92";"2,35";"0,78";3550704
"São Sebastião da Grama";"2018";"-";"-";"-";"-";"-";3550803
"São Simão";"2018";"8,4";"-";"-";"8,4";"-";3550902
"São Vicente";"2018";"12,57";"4,63";"9,04";"3,53";"4,41";3551009
"Sarapuí";"2018";"9,17";"-";"9,17";"-";"9,17";3551108
"Sarutaiá";"2018";"-";"-";"-";"-";"-";3551207
"Sebastianópolis do Sul";"2018";"-";"-";"-";"-";"-";3551306
"Serra Azul";"2018";"18,52";"9,26";"9,26";"9,26";"-";3551405
"Serra Negra";"2018";"2,91";"2,91";"2,91";"-";"-";3551603
"Serrana";"2018";"6,43";"4,82";"4,82";"1,61";"-";3551504
"Sertãozinho";"2018";"10,2";"5,1";"7,65";"2,55";"2,55";3551702
"Sete Barras";"2018";"13,89";"9,26";"9,26";"4,63";"-";3551801
"Severínia";"2018";"18,43";"9,22";"13,82";"4,61";"4,61";3551900
"Silveiras";"2018";"13,89";"-";"-";"13,89";"-";3552007
"Socorro";"2018";"17,68";"10,1";"15,15";"2,53";"5,05";3552106
"Sorocaba";"2018";"10,3";"4,99";"7,75";"2,55";"2,76";3552205
"Sud Mennucci";"2018";"8,55";"8,55";"8,55";"-";"-";3552304
"Sumaré";"2018";"9,07";"3,89";"6,48";"2,59";"2,59";3552403
"Suzanápolis";"2018";"-";"-";"-";"-";"-";3552551
"Suzano";"2018";"11,99";"6,76";"8,28";"3,71";"1,53";3552502
"Tabapuã";"2018";"37,38";"9,35";"9,35";"28,04";"-";3552601
"Tabatinga";"2018";"30,3";"20,2";"20,2";"10,1";"-";3552700
"Taboão da Serra";"2018";"11,44";"6,54";"9,11";"2,33";"2,57";3552809
"Taciba";"2018";"-";"-";"-";"-";"-";3552908
"Taguaí";"2018";"5,35";"5,35";"5,35";"-";"-";3553005
"Taiaçu";"2018";"-";"-";"-";"-";"-";3553104
"Taiúva";"2018";"-";"-";"-";"-";"-";3553203
"Tambaú";"2018";"14,76";"11,07";"11,07";"3,69";"-";3553302
"Tanabi";"2018";"12,05";"-";"6,02";"6,02";"6,02";3553401
"Tapiraí";"2018";"24,79";"16,53";"16,53";"8,26";"-";3553500
"Tapiratiba";"2018";"-";"-";"-";"-";"-";3553609
"Taquaral";"2018";"-";"-";"-";"-";"-";3553658
"Taquaritinga";"2018";"6,51";"6,51";"6,51";"-";"-";3553708
"Taquarituba";"2018";"12,27";"12,27";"12,27";"-";"-";3553807
"Taquarivaí";"2018";"8";"-";"8";"-";"8";3553856
"Tarabai";"2018";"10,64";"10,64";"10,64";"-";"-";3553906
"Tarumã";"2018";"4,69";"4,69";"4,69";"-";"-";3553955
"Tatuí";"2018";"14,69";"7,64";"11,16";"3,53";"3,53";3554003
"Taubaté";"2018";"10,13";"7,17";"7,66";"2,47";"0,49";3554102
"Tejupá";"2018";"15,15";"15,15";"15,15";"-";"-";3554201
"Teodoro Sampaio";"2018";"15,06";"6,02";"9,04";"6,02";"3,01";3554300
"Terra Roxa";"2018";"-";"-";"-";"-";"-";3554409
"Tietê";"2018";"15,72";"7,86";"9,82";"5,89";"1,96";3554508
"Timburi";"2018";"43,48";"43,48";"43,48";"-";"-";3554607
"Torre de Pedra";"2018";"-";"-";"-";"-";"-";3554656
"Torrinha";"2018";"8,7";"-";"-";"8,7";"-";3554706
"Trabiju";"2018";"-";"-";"-";"-";"-";3554755
"Tremembé";"2018";"5,67";"1,89";"3,78";"1,89";"1,89";3554805
"Três Fronteiras";"2018";"15,87";"15,87";"15,87";"-";"-";3554904
"Tuiuti";"2018";"-";"-";"-";"-";"-";3554953
"Tupã";"2018";"6,53";"3,92";"5,22";"1,31";"1,31";3555000
"Tupi Paulista";"2018";"16,81";"-";"16,81";"-";"16,81";3555109
"Turiúba";"2018";"-";"-";"-";"-";"-";3555208
"Turmalina";"2018";"-";"-";"-";"-";"-";3555307
"Ubarana";"2018";"12,82";"-";"-";"12,82";"-";3555356
"Ubatuba";"2018";"9,29";"6,43";"7,15";"2,14";"0,71";3555406
"Ubirajara";"2018";"10,2";"10,2";"10,2";"-";"-";3555505
"Uchoa";"2018";"10,64";"-";"-";"10,64";"-";3555604
"União Paulista";"2018";"-";"-";"-";"-";"-";3555703
"Urânia";"2018";"-";"-";"-";"-";"-";3555802
"Uru";"2018";"-";"-";"-";"-";"-";3555901
"Urupês";"2018";"14,93";"-";"-";"14,93";"-";3556008
"Valentim Gentil";"2018";"5,62";"5,62";"5,62";"-";"-";3556107
"Valinhos";"2018";"6,27";"2,09";"4,88";"1,39";"2,79";3556206
"Valparaíso";"2018";"13,42";"10,07";"10,07";"3,36";"-";3556305
"Vargem";"2018";"-";"-";"-";"-";"-";3556354
"Vargem Grande do Sul";"2018";"3,54";"1,77";"1,77";"1,77";"-";3556404
"Vargem Grande Paulista";"2018";"3,99";"3,99";"3,99";"-";"-";3556453
"Várzea Paulista";"2018";"17,99";"6,47";"10,79";"7,19";"4,32";3556503
"Vera Cruz";"2018";"-";"-";"-";"-";"-";3556602
"Vinhedo";"2018";"7,73";"4,42";"4,42";"3,31";"-";3556701
"Viradouro";"2018";"21,28";"8,51";"21,28";"-";"12,77";3556800
"Vista Alegre do Alto";"2018";"-";"-";"-";"-";"-";3556909
"Vitória Brasil";"2018";"-";"-";"-";"-";"-";3556958
"Votorantim";"2018";"15";"7,2";"8,4";"6,6";"1,2";3557006
"Votuporanga";"2018";"7,13";"4,46";"4,46";"2,67";"-";3557105
"Zacarias";"2018";"38,46";"-";"-";"38,46";"-";3557154
