"Localidades";"Períodos";"Nascidos Vivos de Mães com Menos de 18 Anos (Em %)";"Mães que fizeram Sete e Mais Consultas de Pré-Natal (Em %)";"Partos Cesáreos (Em %)";"Nascimentos de Baixo Peso (menos de 2,5kg) (Em %)";"Gestações Pré-Termo (Em %)";"Cód. IBGE"
"Adamantina";"2019";"2,69";"";"";"";"";3500105
"Adolfo";"2019";"2,44";"";"";"";"";3500204
"Aguaí";"2019";"5,77";"";"";"";"";3500303
"Águas da Prata";"2019";"7,14";"";"";"";"";3500402
"Águas de Lindóia";"2019";"5,08";"";"";"";"";3500501
"Águas de Santa Bárbara";"2019";"-";"";"";"";"";3500550
"Águas de São Pedro";"2019";"-";"";"";"";"";3500600
"Agudos";"2019";"4,78";"";"";"";"";3500709
"Alambari";"2019";"7,32";"";"";"";"";3500758
"Alfredo Marcondes";"2019";"2,22";"";"";"";"";3500808
"Altair";"2019";"14,63";"";"";"";"";3500907
"Altinópolis";"2019";"6,91";"";"";"";"";3501004
"Alto Alegre";"2019";"-";"";"";"";"";3501103
"Alumínio";"2019";"5,46";"";"";"";"";3501152
"Álvares Florence";"2019";"8,57";"";"";"";"";3501202
"Álvares Machado";"2019";"6,54";"";"";"";"";3501301
"Álvaro de Carvalho";"2019";"11,32";"";"";"";"";3501400
"Alvinlândia";"2019";"23,26";"";"";"";"";3501509
"Americana";"2019";"2,37";"";"";"";"";3501608
"Américo Brasiliense";"2019";"6,82";"";"";"";"";3501707
"Américo de Campos";"2019";"4,92";"";"";"";"";3501806
"Amparo";"2019";"4,79";"";"";"";"";3501905
"Analândia";"2019";"9,52";"";"";"";"";3502002
"Andradina";"2019";"3,19";"";"";"";"";3502101
"Angatuba";"2019";"6,54";"";"";"";"";3502200
"Anhembi";"2019";"9,52";"";"";"";"";3502309
"Anhumas";"2019";"4,08";"";"";"";"";3502408
"Aparecida";"2019";"4,12";"";"";"";"";3502507
"Aparecida d'Oeste";"2019";"5,56";"";"";"";"";3502606
"Apiaí";"2019";"7,67";"";"";"";"";3502705
"Aramina";"2019";"4,69";"";"";"";"";3503000
"Arandu";"2019";"8,25";"";"";"";"";3503109
"Arapeí";"2019";"7,69";"";"";"";"";3503158
"Araraquara";"2019";"3,5";"";"";"";"";3503208
"Araras";"2019";"3,5";"";"";"";"";3503307
"Araçariguama";"2019";"5,43";"";"";"";"";3502754
"Araçatuba";"2019";"4,12";"";"";"";"";3502804
"Araçoiaba da Serra";"2019";"4,03";"";"";"";"";3502903
"Arco-Íris";"2019";"6,25";"";"";"";"";3503356
"Arealva";"2019";"5";"";"";"";"";3503406
"Areias";"2019";"6,12";"";"";"";"";3503505
"Areiópolis";"2019";"8,73";"";"";"";"";3503604
"Ariranha";"2019";"6,9";"";"";"";"";3503703
"Artur Nogueira";"2019";"4,85";"";"";"";"";3503802
"Arujá";"2019";"3,94";"";"";"";"";3503901
"Aspásia";"2019";"-";"";"";"";"";3503950
"Assis";"2019";"3,69";"";"";"";"";3504008
"Atibaia";"2019";"4,34";"";"";"";"";3504107
"Auriflama";"2019";"2,61";"";"";"";"";3504206
"Avaí";"2019";"6,78";"";"";"";"";3504305
"Avanhandava";"2019";"6,98";"";"";"";"";3504404
"Avaré";"2019";"4,46";"";"";"";"";3504503
"Bady Bassitt";"2019";"2,39";"";"";"";"";3504602
"Balbinos";"2019";"-";"";"";"";"";3504701
"Bálsamo";"2019";"4,21";"";"";"";"";3504800
"Bananal";"2019";"8,82";"";"";"";"";3504909
"Barão de Antonina";"2019";"3,13";"";"";"";"";3505005
"Barbosa";"2019";"9,64";"";"";"";"";3505104
"Bariri";"2019";"5,64";"";"";"";"";3505203
"Barra Bonita";"2019";"2,02";"";"";"";"";3505302
"Barra do Chapéu";"2019";"5,06";"";"";"";"";3505351
"Barra do Turvo";"2019";"11,25";"";"";"";"";3505401
"Barretos";"2019";"4,79";"";"";"";"";3505500
"Barrinha";"2019";"4,24";"";"";"";"";3505609
"Barueri";"2019";"3,85";"";"";"";"";3505708
"Bastos";"2019";"4,44";"";"";"";"";3505807
"Batatais";"2019";"3,35";"";"";"";"";3505906
"Bauru";"2019";"4,42";"";"";"";"";3506003
"Bebedouro";"2019";"4,91";"";"";"";"";3506102
"Bento de Abreu";"2019";"2,94";"";"";"";"";3506201
"Bernardino de Campos";"2019";"6,8";"";"";"";"";3506300
"Bertioga";"2019";"7,19";"";"";"";"";3506359
"Bilac";"2019";"7,5";"";"";"";"";3506409
"Birigui";"2019";"4,61";"";"";"";"";3506508
"Biritiba Mirim";"2019";"7,36";"";"";"";"";3506607
"Boa Esperança do Sul";"2019";"6,29";"";"";"";"";3506706
"Bocaina";"2019";"5,56";"";"";"";"";3506805
"Bofete";"2019";"6,19";"";"";"";"";3506904
"Boituva";"2019";"4,14";"";"";"";"";3507001
"Bom Jesus dos Perdões";"2019";"4,02";"";"";"";"";3507100
"Bom Sucesso de Itararé";"2019";"8,96";"";"";"";"";3507159
"Borá";"2019";"-";"";"";"";"";3507209
"Boracéia";"2019";"3,23";"";"";"";"";3507308
"Borborema";"2019";"4,2";"";"";"";"";3507407
"Borebi";"2019";"4";"";"";"";"";3507456
"Botucatu";"2019";"4,2";"";"";"";"";3507506
"Bragança Paulista";"2019";"3,39";"";"";"";"";3507605
"Braúna";"2019";"4,62";"";"";"";"";3507704
"Brejo Alegre";"2019";"-";"";"";"";"";3507753
"Brodowski";"2019";"5,57";"";"";"";"";3507803
"Brotas";"2019";"6,6";"";"";"";"";3507902
"Buri";"2019";"12,07";"";"";"";"";3508009
"Buritama";"2019";"9";"";"";"";"";3508108
"Buritizal";"2019";"1,92";"";"";"";"";3508207
"Cabrália Paulista";"2019";"5,77";"";"";"";"";3508306
"Cabreúva";"2019";"5,3";"";"";"";"";3508405
"Cachoeira Paulista";"2019";"4,5";"";"";"";"";3508603
"Caconde";"2019";"3,06";"";"";"";"";3508702
"Cafelândia";"2019";"5,49";"";"";"";"";3508801
"Caiabu";"2019";"4,76";"";"";"";"";3508900
"Caieiras";"2019";"4,07";"";"";"";"";3509007
"Caiuá";"2019";"12,5";"";"";"";"";3509106
"Cajamar";"2019";"4,97";"";"";"";"";3509205
"Cajati";"2019";"7,87";"";"";"";"";3509254
"Cajobi";"2019";"4,55";"";"";"";"";3509304
"Cajuru";"2019";"7,12";"";"";"";"";3509403
"Campina do Monte Alegre";"2019";"2,94";"";"";"";"";3509452
"Campinas";"2019";"3,62";"";"";"";"";3509502
"Campo Limpo Paulista";"2019";"3,38";"";"";"";"";3509601
"Campos do Jordão";"2019";"4,29";"";"";"";"";3509700
"Campos Novos Paulista";"2019";"7,69";"";"";"";"";3509809
"Cananéia";"2019";"5,75";"";"";"";"";3509908
"Canas";"2019";"10,26";"";"";"";"";3509957
"Cândido Mota";"2019";"6,74";"";"";"";"";3510005
"Cândido Rodrigues";"2019";"4";"";"";"";"";3510104
"Canitar";"2019";"12,99";"";"";"";"";3510153
"Capão Bonito";"2019";"4,66";"";"";"";"";3510203
"Capela do Alto";"2019";"8,91";"";"";"";"";3510302
"Capivari";"2019";"5,1";"";"";"";"";3510401
"Caraguatatuba";"2019";"4,9";"";"";"";"";3510500
"Carapicuíba";"2019";"4,99";"";"";"";"";3510609
"Cardoso";"2019";"10,09";"";"";"";"";3510708
"Casa Branca";"2019";"5,03";"";"";"";"";3510807
"Cássia dos Coqueiros";"2019";"11,11";"";"";"";"";3510906
"Castilho";"2019";"6,85";"";"";"";"";3511003
"Catanduva";"2019";"4,14";"";"";"";"";3511102
"Catiguá";"2019";"4,84";"";"";"";"";3511201
"Caçapava";"2019";"3,43";"";"";"";"";3508504
"Cedral";"2019";"6,25";"";"";"";"";3511300
"Cerqueira César";"2019";"6,86";"";"";"";"";3511409
"Cerquilho";"2019";"2,83";"";"";"";"";3511508
"Cesário Lange";"2019";"6,01";"";"";"";"";3511607
"Charqueada";"2019";"7,87";"";"";"";"";3511706
"Chavantes";"2019";"3,92";"";"";"";"";3557204
"Clementina";"2019";"8,91";"";"";"";"";3511904
"Colina";"2019";"6,5";"";"";"";"";3512001
"Colômbia";"2019";"4,44";"";"";"";"";3512100
"Conchal";"2019";"6,55";"";"";"";"";3512209
"Conchas";"2019";"6,31";"";"";"";"";3512308
"Cordeirópolis";"2019";"4,87";"";"";"";"";3512407
"Coroados";"2019";"-";"";"";"";"";3512506
"Coronel Macedo";"2019";"15,38";"";"";"";"";3512605
"Corumbataí";"2019";"1,59";"";"";"";"";3512704
"Cosmópolis";"2019";"3,7";"";"";"";"";3512803
"Cosmorama";"2019";"7,06";"";"";"";"";3512902
"Cotia";"2019";"4,5";"";"";"";"";3513009
"Cravinhos";"2019";"4,83";"";"";"";"";3513108
"Cristais Paulista";"2019";"6,67";"";"";"";"";3513207
"Cruzália";"2019";"-";"";"";"";"";3513306
"Cruzeiro";"2019";"6,26";"";"";"";"";3513405
"Cubatão";"2019";"4,69";"";"";"";"";3513504
"Cunha";"2019";"4,14";"";"";"";"";3513603
"Descalvado";"2019";"4,48";"";"";"";"";3513702
"Diadema";"2019";"4,2";"";"";"";"";3513801
"Dirce Reis";"2019";"-";"";"";"";"";3513850
"Divinolândia";"2019";"4,44";"";"";"";"";3513900
"Dobrada";"2019";"2,17";"";"";"";"";3514007
"Dois Córregos";"2019";"8";"";"";"";"";3514106
"Dolcinópolis";"2019";"-";"";"";"";"";3514205
"Dourado";"2019";"3,41";"";"";"";"";3514304
"Dracena";"2019";"4,66";"";"";"";"";3514403
"Duartina";"2019";"8";"";"";"";"";3514502
"Dumont";"2019";"3,6";"";"";"";"";3514601
"Echaporã";"2019";"7,59";"";"";"";"";3514700
"Eldorado";"2019";"10,38";"";"";"";"";3514809
"Elias Fausto";"2019";"5,21";"";"";"";"";3514908
"Elisiário";"2019";"8,33";"";"";"";"";3514924
"Embaúba";"2019";"4,17";"";"";"";"";3514957
"Embu das Artes";"2019";"4,87";"";"";"";"";3515004
"Embu-Guaçu";"2019";"4,43";"";"";"";"";3515103
"Emilianópolis";"2019";"2,7";"";"";"";"";3515129
"Engenheiro Coelho";"2019";"4,32";"";"";"";"";3515152
"Espírito Santo do Pinhal";"2019";"5,59";"";"";"";"";3515186
"Espírito Santo do Turvo";"2019";"6,33";"";"";"";"";3515194
"Estiva Gerbi";"2019";"4,79";"";"";"";"";3557303
"Estrela d'Oeste";"2019";"4,4";"";"";"";"";3515202
"Estrela do Norte";"2019";"4,76";"";"";"";"";3515301
"Euclides da Cunha Paulista";"2019";"10,68";"";"";"";"";3515350
"Fartura";"2019";"7,69";"";"";"";"";3515400
"Fernando Prestes";"2019";"5,66";"";"";"";"";3515608
"Fernandópolis";"2019";"3,1";"";"";"";"";3515509
"Fernão";"2019";"6,67";"";"";"";"";3515657
"Ferraz de Vasconcelos";"2019";"4,75";"";"";"";"";3515707
"Flora Rica";"2019";"7,69";"";"";"";"";3515806
"Floreal";"2019";"7,14";"";"";"";"";3515905
"Flórida Paulista";"2019";"3,57";"";"";"";"";3516002
"Florínea";"2019";"6,45";"";"";"";"";3516101
"Franca";"2019";"3,54";"";"";"";"";3516200
"Francisco Morato";"2019";"6,81";"";"";"";"";3516309
"Franco da Rocha";"2019";"4,9";"";"";"";"";3516408
"Gabriel Monteiro";"2019";"-";"";"";"";"";3516507
"Gália";"2019";"3,08";"";"";"";"";3516606
"Garça";"2019";"6,43";"";"";"";"";3516705
"Gastão Vidigal";"2019";"2,94";"";"";"";"";3516804
"Gavião Peixoto";"2019";"5,06";"";"";"";"";3516853
"General Salgado";"2019";"1,1";"";"";"";"";3516903
"Getulina";"2019";"4,4";"";"";"";"";3517000
"Glicério";"2019";"3,92";"";"";"";"";3517109
"Guaimbê";"2019";"8,57";"";"";"";"";3517307
"Guaíra";"2019";"5,38";"";"";"";"";3517406
"Guaiçara";"2019";"8,4";"";"";"";"";3517208
"Guapiara";"2019";"6,02";"";"";"";"";3517604
"Guapiaçu";"2019";"5,04";"";"";"";"";3517505
"Guará";"2019";"7,62";"";"";"";"";3517703
"Guaraci";"2019";"7,63";"";"";"";"";3517901
"Guarani d'Oeste";"2019";"4,55";"";"";"";"";3518008
"Guarantã";"2019";"1,47";"";"";"";"";3518107
"Guararapes";"2019";"5,16";"";"";"";"";3518206
"Guararema";"2019";"6,02";"";"";"";"";3518305
"Guaratinguetá";"2019";"4,36";"";"";"";"";3518404
"Guaraçaí";"2019";"2,67";"";"";"";"";3517802
"Guareí";"2019";"7,69";"";"";"";"";3518503
"Guariba";"2019";"6,58";"";"";"";"";3518602
"Guarujá";"2019";"5,6";"";"";"";"";3518701
"Guarulhos";"2019";"4,51";"";"";"";"";3518800
"Guatapará";"2019";"9,71";"";"";"";"";3518859
"Guzolândia";"2019";"10";"";"";"";"";3518909
"Herculândia";"2019";"4,13";"";"";"";"";3519006
"Holambra";"2019";"6,29";"";"";"";"";3519055
"Hortolândia";"2019";"3,07";"";"";"";"";3519071
"Iacanga";"2019";"2,13";"";"";"";"";3519105
"Iacri";"2019";"1,67";"";"";"";"";3519204
"Iaras";"2019";"10,13";"";"";"";"";3519253
"Ibaté";"2019";"6,64";"";"";"";"";3519303
"Ibirá";"2019";"2,86";"";"";"";"";3519402
"Ibirarema";"2019";"13,56";"";"";"";"";3519501
"Ibitinga";"2019";"4,79";"";"";"";"";3519600
"Ibiúna";"2019";"7,35";"";"";"";"";3519709
"Icém";"2019";"5,81";"";"";"";"";3519808
"Iepê";"2019";"5,26";"";"";"";"";3519907
"Igarapava";"2019";"5,33";"";"";"";"";3520103
"Igaratá";"2019";"5,59";"";"";"";"";3520202
"Igaraçu do Tietê";"2019";"4,07";"";"";"";"";3520004
"Iguape";"2019";"6,4";"";"";"";"";3520301
"Ilha Comprida";"2019";"3,85";"";"";"";"";3520426
"Ilha Solteira";"2019";"2";"";"";"";"";3520442
"Ilhabela";"2019";"5,35";"";"";"";"";3520400
"Indaiatuba";"2019";"2,97";"";"";"";"";3520509
"Indiana";"2019";"5,08";"";"";"";"";3520608
"Indiaporã";"2019";"11,76";"";"";"";"";3520707
"Inúbia Paulista";"2019";"9,09";"";"";"";"";3520806
"Ipaussu";"2019";"5,98";"";"";"";"";3520905
"Iperó";"2019";"4,85";"";"";"";"";3521002
"Ipeúna";"2019";"6,82";"";"";"";"";3521101
"Ipiguá";"2019";"7,69";"";"";"";"";3521150
"Iporanga";"2019";"11,36";"";"";"";"";3521200
"Ipuã";"2019";"7,82";"";"";"";"";3521309
"Iracemápolis";"2019";"3,37";"";"";"";"";3521408
"Irapuã";"2019";"1,27";"";"";"";"";3521507
"Irapuru";"2019";"12,31";"";"";"";"";3521606
"Itaberá";"2019";"7,58";"";"";"";"";3521705
"Itaí";"2019";"9,23";"";"";"";"";3521804
"Itajobi";"2019";"6,49";"";"";"";"";3521903
"Itaju";"2019";"8,11";"";"";"";"";3522000
"Itanhaém";"2019";"6,9";"";"";"";"";3522109
"Itaoca";"2019";"14,63";"";"";"";"";3522158
"Itapecerica da Serra";"2019";"4,63";"";"";"";"";3522208
"Itapetininga";"2019";"5,3";"";"";"";"";3522307
"Itapeva";"2019";"5,79";"";"";"";"";3522406
"Itapevi";"2019";"5,58";"";"";"";"";3522505
"Itapira";"2019";"3,37";"";"";"";"";3522604
"Itapirapuã Paulista";"2019";"8,11";"";"";"";"";3522653
"Itápolis";"2019";"4,43";"";"";"";"";3522703
"Itaporanga";"2019";"6,86";"";"";"";"";3522802
"Itapuí";"2019";"-";"";"";"";"";3522901
"Itapura";"2019";"7,84";"";"";"";"";3523008
"Itaquaquecetuba";"2019";"5,33";"";"";"";"";3523107
"Itararé";"2019";"6,47";"";"";"";"";3523206
"Itariri";"2019";"10,67";"";"";"";"";3523305
"Itatiba";"2019";"3,05";"";"";"";"";3523404
"Itatinga";"2019";"10,29";"";"";"";"";3523503
"Itirapina";"2019";"8,23";"";"";"";"";3523602
"Itirapuã";"2019";"9,59";"";"";"";"";3523701
"Itobi";"2019";"3,61";"";"";"";"";3523800
"Itu";"2019";"3,87";"";"";"";"";3523909
"Itupeva";"2019";"3,98";"";"";"";"";3524006
"Ituverava";"2019";"6,64";"";"";"";"";3524105
"Jaborandi";"2019";"3,13";"";"";"";"";3524204
"Jaboticabal";"2019";"3,39";"";"";"";"";3524303
"Jacareí";"2019";"3,68";"";"";"";"";3524402
"Jaci";"2019";"4,21";"";"";"";"";3524501
"Jacupiranga";"2019";"6,58";"";"";"";"";3524600
"Jaguariúna";"2019";"2,92";"";"";"";"";3524709
"Jales";"2019";"4,02";"";"";"";"";3524808
"Jambeiro";"2019";"5,71";"";"";"";"";3524907
"Jandira";"2019";"3,96";"";"";"";"";3525003
"Jardinópolis";"2019";"6,95";"";"";"";"";3525102
"Jarinu";"2019";"4,32";"";"";"";"";3525201
"Jaú";"2019";"4,29";"";"";"";"";3525300
"Jeriquara";"2019";"9,68";"";"";"";"";3525409
"Joanópolis";"2019";"4,49";"";"";"";"";3525508
"João Ramalho";"2019";"2,08";"";"";"";"";3525607
"José Bonifácio";"2019";"4,9";"";"";"";"";3525706
"Júlio Mesquita";"2019";"4,76";"";"";"";"";3525805
"Jumirim";"2019";"5,26";"";"";"";"";3525854
"Jundiaí";"2019";"2,2";"";"";"";"";3525904
"Junqueirópolis";"2019";"3,59";"";"";"";"";3526001
"Juquiá";"2019";"7,19";"";"";"";"";3526100
"Juquitiba";"2019";"9,11";"";"";"";"";3526209
"Lagoinha";"2019";"4,92";"";"";"";"";3526308
"Laranjal Paulista";"2019";"5,56";"";"";"";"";3526407
"Lavínia";"2019";"-";"";"";"";"";3526506
"Lavrinhas";"2019";"8,89";"";"";"";"";3526605
"Leme";"2019";"7,84";"";"";"";"";3526704
"Lençóis Paulista";"2019";"3,16";"";"";"";"";3526803
"Limeira";"2019";"4,18";"";"";"";"";3526902
"Lindóia";"2019";"6,9";"";"";"";"";3527009
"Lins";"2019";"3,74";"";"";"";"";3527108
"Lorena";"2019";"4,14";"";"";"";"";3527207
"Lourdes";"2019";"7,14";"";"";"";"";3527256
"Louveira";"2019";"3,02";"";"";"";"";3527306
"Lucélia";"2019";"6,44";"";"";"";"";3527405
"Lucianópolis";"2019";"8,33";"";"";"";"";3527504
"Luís Antônio";"2019";"6,62";"";"";"";"";3527603
"Luiziânia";"2019";"7,02";"";"";"";"";3527702
"Lupércio";"2019";"13,33";"";"";"";"";3527801
"Lutécia";"2019";"5,26";"";"";"";"";3527900
"Macatuba";"2019";"1,41";"";"";"";"";3528007
"Macaubal";"2019";"2,35";"";"";"";"";3528106
"Macedônia";"2019";"5,41";"";"";"";"";3528205
"Magda";"2019";"3,7";"";"";"";"";3528304
"Mairinque";"2019";"3,75";"";"";"";"";3528403
"Mairiporã";"2019";"4,07";"";"";"";"";3528502
"Manduri";"2019";"3,48";"";"";"";"";3528601
"Marabá Paulista";"2019";"7,89";"";"";"";"";3528700
"Maracaí";"2019";"5,48";"";"";"";"";3528809
"Marapoama";"2019";"3,23";"";"";"";"";3528858
"Mariápolis";"2019";"9,52";"";"";"";"";3528908
"Marília";"2019";"3,65";"";"";"";"";3529005
"Marinópolis";"2019";"-";"";"";"";"";3529104
"Martinópolis";"2019";"5,33";"";"";"";"";3529203
"Matão";"2019";"3,71";"";"";"";"";3529302
"Mauá";"2019";"4,42";"";"";"";"";3529401
"Mendonça";"2019";"5,26";"";"";"";"";3529500
"Meridiano";"2019";"-";"";"";"";"";3529609
"Mesópolis";"2019";"6,45";"";"";"";"";3529658
"Miguelópolis";"2019";"6,14";"";"";"";"";3529708
"Mineiros do Tietê";"2019";"7,14";"";"";"";"";3529807
"Mira Estrela";"2019";"10,71";"";"";"";"";3530003
"Miracatu";"2019";"11,15";"";"";"";"";3529906
"Mirandópolis";"2019";"1,67";"";"";"";"";3530102
"Mirante do Paranapanema";"2019";"7,06";"";"";"";"";3530201
"Mirassol";"2019";"4,03";"";"";"";"";3530300
"Mirassolândia";"2019";"1,69";"";"";"";"";3530409
"Mococa";"2019";"4,82";"";"";"";"";3530508
"Mogi das Cruzes";"2019";"4,57";"";"";"";"";3530607
"Mogi Guaçu";"2019";"3,92";"";"";"";"";3530706
"Mogi Mirim";"2019";"3,29";"";"";"";"";3530805
"Mombuca";"2019";"7,69";"";"";"";"";3530904
"Mongaguá";"2019";"7,39";"";"";"";"";3531100
"Monte Alegre do Sul";"2019";"3,9";"";"";"";"";3531209
"Monte Alto";"2019";"4,76";"";"";"";"";3531308
"Monte Aprazível";"2019";"4,66";"";"";"";"";3531407
"Monte Azul Paulista";"2019";"2,35";"";"";"";"";3531506
"Monte Castelo";"2019";"8,77";"";"";"";"";3531605
"Monte Mor";"2019";"4,53";"";"";"";"";3531803
"Monteiro Lobato";"2019";"2,78";"";"";"";"";3531704
"Monções";"2019";"4,17";"";"";"";"";3531001
"Morro Agudo";"2019";"6,56";"";"";"";"";3531902
"Morungaba";"2019";"3,73";"";"";"";"";3532009
"Motuca";"2019";"1,79";"";"";"";"";3532058
"Murutinga do Sul";"2019";"3,7";"";"";"";"";3532108
"Nantes";"2019";"10,53";"";"";"";"";3532157
"Narandiba";"2019";"7,5";"";"";"";"";3532207
"Natividade da Serra";"2019";"5,45";"";"";"";"";3532306
"Nazaré Paulista";"2019";"5,16";"";"";"";"";3532405
"Neves Paulista";"2019";"2,44";"";"";"";"";3532504
"Nhandeara";"2019";"6,94";"";"";"";"";3532603
"Nipoã";"2019";"8,47";"";"";"";"";3532702
"Nova Aliança";"2019";"3,49";"";"";"";"";3532801
"Nova Campina";"2019";"9,86";"";"";"";"";3532827
"Nova Canaã Paulista";"2019";"-";"";"";"";"";3532843
"Nova Castilho";"2019";"-";"";"";"";"";3532868
"Nova Europa";"2019";"7,08";"";"";"";"";3532900
"Nova Granada";"2019";"7,02";"";"";"";"";3533007
"Nova Guataporanga";"2019";"19,23";"";"";"";"";3533106
"Nova Independência";"2019";"13,11";"";"";"";"";3533205
"Nova Luzitânia";"2019";"-";"";"";"";"";3533304
"Nova Odessa";"2019";"1,59";"";"";"";"";3533403
"Novais";"2019";"10,91";"";"";"";"";3533254
"Novo Horizonte";"2019";"5,18";"";"";"";"";3533502
"Nuporanga";"2019";"10,81";"";"";"";"";3533601
"Ocauçu";"2019";"9,72";"";"";"";"";3533700
"Óleo";"2019";"8";"";"";"";"";3533809
"Olímpia";"2019";"4,77";"";"";"";"";3533908
"Onda Verde";"2019";"4,48";"";"";"";"";3534005
"Oriente";"2019";"1,47";"";"";"";"";3534104
"Orindiúva";"2019";"2,67";"";"";"";"";3534203
"Orlândia";"2019";"3,46";"";"";"";"";3534302
"Osasco";"2019";"3,7";"";"";"";"";3534401
"Oscar Bressane";"2019";"5,26";"";"";"";"";3534500
"Osvaldo Cruz";"2019";"4,67";"";"";"";"";3534609
"Ourinhos";"2019";"4,48";"";"";"";"";3534708
"Ouro Verde";"2019";"9,8";"";"";"";"";3534807
"Ouroeste";"2019";"3,31";"";"";"";"";3534757
"Pacaembu";"2019";"7,62";"";"";"";"";3534906
"Palestina";"2019";"5,13";"";"";"";"";3535002
"Palmares Paulista";"2019";"3,88";"";"";"";"";3535101
"Palmeira d'Oeste";"2019";"1,64";"";"";"";"";3535200
"Palmital";"2019";"7,08";"";"";"";"";3535309
"Panorama";"2019";"6,99";"";"";"";"";3535408
"Paraguaçu Paulista";"2019";"5,35";"";"";"";"";3535507
"Paraibuna";"2019";"7,91";"";"";"";"";3535606
"Paraíso";"2019";"14,06";"";"";"";"";3535705
"Paranapanema";"2019";"11,11";"";"";"";"";3535804
"Paranapuã";"2019";"20";"";"";"";"";3535903
"Parapuã";"2019";"7,07";"";"";"";"";3536000
"Pardinho";"2019";"9,38";"";"";"";"";3536109
"Pariquera-Açu";"2019";"7,43";"";"";"";"";3536208
"Parisi";"2019";"-";"";"";"";"";3536257
"Patrocínio Paulista";"2019";"6,35";"";"";"";"";3536307
"Paulicéia";"2019";"3,7";"";"";"";"";3536406
"Paulínia";"2019";"3,62";"";"";"";"";3536505
"Paulistânia";"2019";"13,04";"";"";"";"";3536570
"Paulo de Faria";"2019";"2,67";"";"";"";"";3536604
"Pederneiras";"2019";"5,13";"";"";"";"";3536703
"Pedra Bela";"2019";"3,9";"";"";"";"";3536802
"Pedranópolis";"2019";"-";"";"";"";"";3536901
"Pedregulho";"2019";"5,77";"";"";"";"";3537008
"Pedreira";"2019";"4,39";"";"";"";"";3537107
"Pedrinhas Paulista";"2019";"-";"";"";"";"";3537156
"Pedro de Toledo";"2019";"7,89";"";"";"";"";3537206
"Penápolis";"2019";"4,27";"";"";"";"";3537305
"Pereira Barreto";"2019";"5,07";"";"";"";"";3537404
"Pereiras";"2019";"9";"";"";"";"";3537503
"Peruíbe";"2019";"6,95";"";"";"";"";3537602
"Piacatu";"2019";"5";"";"";"";"";3537701
"Piedade";"2019";"5,99";"";"";"";"";3537800
"Pilar do Sul";"2019";"7,99";"";"";"";"";3537909
"Pindamonhangaba";"2019";"4,71";"";"";"";"";3538006
"Pindorama";"2019";"5,43";"";"";"";"";3538105
"Pinhalzinho";"2019";"7,23";"";"";"";"";3538204
"Piquerobi";"2019";"3,57";"";"";"";"";3538303
"Piquete";"2019";"4,58";"";"";"";"";3538501
"Piracaia";"2019";"4,56";"";"";"";"";3538600
"Piracicaba";"2019";"3,5";"";"";"";"";3538709
"Piraju";"2019";"6,25";"";"";"";"";3538808
"Pirajuí";"2019";"5,81";"";"";"";"";3538907
"Pirangi";"2019";"5,93";"";"";"";"";3539004
"Pirapora do Bom Jesus";"2019";"8,3";"";"";"";"";3539103
"Pirapozinho";"2019";"3,66";"";"";"";"";3539202
"Pirassununga";"2019";"4,52";"";"";"";"";3539301
"Piratininga";"2019";"4,76";"";"";"";"";3539400
"Pitangueiras";"2019";"4,71";"";"";"";"";3539509
"Planalto";"2019";"7,41";"";"";"";"";3539608
"Platina";"2019";"5,41";"";"";"";"";3539707
"Poá";"2019";"3,56";"";"";"";"";3539806
"Poloni";"2019";"7,69";"";"";"";"";3539905
"Pompéia";"2019";"2,69";"";"";"";"";3540002
"Pongaí";"2019";"13,79";"";"";"";"";3540101
"Pontal";"2019";"7,4";"";"";"";"";3540200
"Pontalinda";"2019";"15,69";"";"";"";"";3540259
"Pontes Gestal";"2019";"5,71";"";"";"";"";3540309
"Populina";"2019";"6,38";"";"";"";"";3540408
"Porangaba";"2019";"3,16";"";"";"";"";3540507
"Porto Feliz";"2019";"2,59";"";"";"";"";3540606
"Porto Ferreira";"2019";"4,56";"";"";"";"";3540705
"Potim";"2019";"6,06";"";"";"";"";3540754
"Potirendaba";"2019";"7,02";"";"";"";"";3540804
"Pracinha";"2019";"-";"";"";"";"";3540853
"Pradópolis";"2019";"6,05";"";"";"";"";3540903
"Praia Grande";"2019";"4,38";"";"";"";"";3541000
"Pratânia";"2019";"11,48";"";"";"";"";3541059
"Presidente Alves";"2019";"-";"";"";"";"";3541109
"Presidente Bernardes";"2019";"4,35";"";"";"";"";3541208
"Presidente Epitácio";"2019";"4,67";"";"";"";"";3541307
"Presidente Prudente";"2019";"3,44";"";"";"";"";3541406
"Presidente Venceslau";"2019";"5,75";"";"";"";"";3541505
"Promissão";"2019";"5,44";"";"";"";"";3541604
"Quadra";"2019";"11,9";"";"";"";"";3541653
"Quatá";"2019";"6,99";"";"";"";"";3541703
"Queiroz";"2019";"14,58";"";"";"";"";3541802
"Queluz";"2019";"8,85";"";"";"";"";3541901
"Quintana";"2019";"1,12";"";"";"";"";3542008
"Rafard";"2019";"4,96";"";"";"";"";3542107
"Rancharia";"2019";"6,63";"";"";"";"";3542206
"Redenção da Serra";"2019";"-";"";"";"";"";3542305
"Regente Feijó";"2019";"4,98";"";"";"";"";3542404
"Reginópolis";"2019";"5,36";"";"";"";"";3542503
"Registro";"2019";"4,74";"";"";"";"";3542602
"Restinga";"2019";"8,7";"";"";"";"";3542701
"Ribeira";"2019";"12,5";"";"";"";"";3542800
"Ribeirão Bonito";"2019";"4,43";"";"";"";"";3542909
"Ribeirão Branco";"2019";"8,81";"";"";"";"";3543006
"Ribeirão Corrente";"2019";"7,14";"";"";"";"";3543105
"Ribeirão do Sul";"2019";"3,7";"";"";"";"";3543204
"Ribeirão dos Índios";"2019";"5";"";"";"";"";3543238
"Ribeirão Grande";"2019";"9,09";"";"";"";"";3543253
"Ribeirão Pires";"2019";"3,45";"";"";"";"";3543303
"Ribeirão Preto";"2019";"3,37";"";"";"";"";3543402
"Rifaina";"2019";"8,93";"";"";"";"";3543600
"Rincão";"2019";"3,77";"";"";"";"";3543709
"Rinópolis";"2019";"8,33";"";"";"";"";3543808
"Rio Claro";"2019";"5,07";"";"";"";"";3543907
"Rio das Pedras";"2019";"3,86";"";"";"";"";3544004
"Rio Grande da Serra";"2019";"4,23";"";"";"";"";3544103
"Riolândia";"2019";"9,4";"";"";"";"";3544202
"Riversul";"2019";"7,14";"";"";"";"";3543501
"Rosana";"2019";"9,14";"";"";"";"";3544251
"Roseira";"2019";"5,19";"";"";"";"";3544301
"Rubiácea";"2019";"16,67";"";"";"";"";3544400
"Rubinéia";"2019";"3,7";"";"";"";"";3544509
"Sabino";"2019";"3,57";"";"";"";"";3544608
"Sagres";"2019";"3,7";"";"";"";"";3544707
"Sales";"2019";"9,09";"";"";"";"";3544806
"Sales Oliveira";"2019";"2,52";"";"";"";"";3544905
"Salesópolis";"2019";"3,72";"";"";"";"";3545001
"Salmourão";"2019";"13,16";"";"";"";"";3545100
"Saltinho";"2019";"4,17";"";"";"";"";3545159
"Salto";"2019";"3,05";"";"";"";"";3545209
"Salto de Pirapora";"2019";"4,37";"";"";"";"";3545308
"Salto Grande";"2019";"9,78";"";"";"";"";3545407
"Sandovalina";"2019";"6,12";"";"";"";"";3545506
"Santa Adélia";"2019";"5,96";"";"";"";"";3545605
"Santa Albertina";"2019";"6,17";"";"";"";"";3545704
"Santa Bárbara d'Oeste";"2019";"4,16";"";"";"";"";3545803
"Santa Branca";"2019";"5,92";"";"";"";"";3546009
"Santa Clara d'Oeste";"2019";"3,33";"";"";"";"";3546108
"Santa Cruz da Conceição";"2019";"4,55";"";"";"";"";3546207
"Santa Cruz da Esperança";"2019";"6,67";"";"";"";"";3546256
"Santa Cruz das Palmeiras";"2019";"6,37";"";"";"";"";3546306
"Santa Cruz do Rio Pardo";"2019";"3,97";"";"";"";"";3546405
"Santa Ernestina";"2019";"5,88";"";"";"";"";3546504
"Santa Fé do Sul";"2019";"4,73";"";"";"";"";3546603
"Santa Gertrudes";"2019";"3,69";"";"";"";"";3546702
"Santa Isabel";"2019";"3,72";"";"";"";"";3546801
"Santa Lúcia";"2019";"7,14";"";"";"";"";3546900
"Santa Maria da Serra";"2019";"9,09";"";"";"";"";3547007
"Santa Mercedes";"2019";"13,79";"";"";"";"";3547106
"Santa Rita d'Oeste";"2019";"3,57";"";"";"";"";3547403
"Santa Rita do Passa Quatro";"2019";"6,64";"";"";"";"";3547502
"Santa Rosa de Viterbo";"2019";"4,1";"";"";"";"";3547601
"Santa Salete";"2019";"-";"";"";"";"";3547650
"Santana da Ponte Pensa";"2019";"25";"";"";"";"";3547205
"Santana de Parnaíba";"2019";"3,37";"";"";"";"";3547304
"Santo Anastácio";"2019";"3,09";"";"";"";"";3547700
"Santo André";"2019";"3";"";"";"";"";3547809
"Santo Antônio da Alegria";"2019";"5,06";"";"";"";"";3547908
"Santo Antônio de Posse";"2019";"4,23";"";"";"";"";3548005
"Santo Antônio do Aracanguá";"2019";"1,82";"";"";"";"";3548054
"Santo Antônio do Jardim";"2019";"6,67";"";"";"";"";3548104
"Santo Antônio do Pinhal";"2019";"1,28";"";"";"";"";3548203
"Santo Expedito";"2019";"6,45";"";"";"";"";3548302
"Santópolis do Aguapeí";"2019";"3,13";"";"";"";"";3548401
"Santos";"2019";"3,21";"";"";"";"";3548500
"São Bento do Sapucaí";"2019";"2,73";"";"";"";"";3548609
"São Bernardo do Campo";"2019";"2,98";"";"";"";"";3548708
"São Caetano do Sul";"2019";"1,46";"";"";"";"";3548807
"São Carlos";"2019";"3,71";"";"";"";"";3548906
"São Francisco";"2019";"9,09";"";"";"";"";3549003
"São João da Boa Vista";"2019";"4";"";"";"";"";3549102
"São João das Duas Pontes";"2019";"6,06";"";"";"";"";3549201
"São João de Iracema";"2019";"5";"";"";"";"";3549250
"São João do Pau d'Alho";"2019";"9,68";"";"";"";"";3549300
"São Joaquim da Barra";"2019";"4,39";"";"";"";"";3549409
"São José da Bela Vista";"2019";"4,21";"";"";"";"";3549508
"São José do Barreiro";"2019";"17,95";"";"";"";"";3549607
"São José do Rio Pardo";"2019";"4,58";"";"";"";"";3549706
"São José do Rio Preto";"2019";"3,05";"";"";"";"";3549805
"São José dos Campos";"2019";"3,6";"";"";"";"";3549904
"São Lourenço da Serra";"2019";"3,14";"";"";"";"";3549953
"São Luiz do Paraitinga";"2019";"7,14";"";"";"";"";3550001
"São Manuel";"2019";"7,34";"";"";"";"";3550100
"São Miguel Arcanjo";"2019";"5,56";"";"";"";"";3550209
"São Paulo";"2019";"3,86";"";"";"";"";3550308
"São Pedro";"2019";"3,66";"";"";"";"";3550407
"São Pedro do Turvo";"2019";"7,37";"";"";"";"";3550506
"São Roque";"2019";"3,7";"";"";"";"";3550605
"São Sebastião";"2019";"4,3";"";"";"";"";3550704
"São Sebastião da Grama";"2019";"3,85";"";"";"";"";3550803
"São Simão";"2019";"7,14";"";"";"";"";3550902
"São Vicente";"2019";"6,17";"";"";"";"";3551009
"Sarapuí";"2019";"5,36";"";"";"";"";3551108
"Sarutaiá";"2019";"10";"";"";"";"";3551207
"Sebastianópolis do Sul";"2019";"2,78";"";"";"";"";3551306
"Serra Azul";"2019";"6,36";"";"";"";"";3551405
"Serra Negra";"2019";"4,12";"";"";"";"";3551603
"Serrana";"2019";"4,73";"";"";"";"";3551504
"Sertãozinho";"2019";"3,88";"";"";"";"";3551702
"Sete Barras";"2019";"6";"";"";"";"";3551801
"Severínia";"2019";"6,94";"";"";"";"";3551900
"Silveiras";"2019";"6,67";"";"";"";"";3552007
"Socorro";"2019";"4,37";"";"";"";"";3552106
"Sorocaba";"2019";"3,63";"";"";"";"";3552205
"Sud Mennucci";"2019";"8,99";"";"";"";"";3552304
"Sumaré";"2019";"3,7";"";"";"";"";3552403
"Suzanápolis";"2019";"3,45";"";"";"";"";3552551
"Suzano";"2019";"4,66";"";"";"";"";3552502
"Tabapuã";"2019";"2,63";"";"";"";"";3552601
"Tabatinga";"2019";"13,43";"";"";"";"";3552700
"Taboão da Serra";"2019";"4,04";"";"";"";"";3552809
"Taciba";"2019";"3,85";"";"";"";"";3552908
"Taguaí";"2019";"3,48";"";"";"";"";3553005
"Taiaçu";"2019";"9,59";"";"";"";"";3553104
"Taiúva";"2019";"4";"";"";"";"";3553203
"Tambaú";"2019";"6,32";"";"";"";"";3553302
"Tanabi";"2019";"5,86";"";"";"";"";3553401
"Tapiraí";"2019";"11";"";"";"";"";3553500
"Tapiratiba";"2019";"4,63";"";"";"";"";3553609
"Taquaral";"2019";"7,41";"";"";"";"";3553658
"Taquaritinga";"2019";"6,03";"";"";"";"";3553708
"Taquarituba";"2019";"5,12";"";"";"";"";3553807
"Taquarivaí";"2019";"9,32";"";"";"";"";3553856
"Tarabai";"2019";"2,3";"";"";"";"";3553906
"Tarumã";"2019";"2,59";"";"";"";"";3553955
"Tatuí";"2019";"4,73";"";"";"";"";3554003
"Taubaté";"2019";"3,8";"";"";"";"";3554102
"Tejupá";"2019";"10";"";"";"";"";3554201
"Teodoro Sampaio";"2019";"3,46";"";"";"";"";3554300
"Terra Roxa";"2019";"8,42";"";"";"";"";3554409
"Tietê";"2019";"4,36";"";"";"";"";3554508
"Timburi";"2019";"5";"";"";"";"";3554607
"Torre de Pedra";"2019";"3,57";"";"";"";"";3554656
"Torrinha";"2019";"5,05";"";"";"";"";3554706
"Trabiju";"2019";"3,7";"";"";"";"";3554755
"Tremembé";"2019";"5,17";"";"";"";"";3554805
"Três Fronteiras";"2019";"2,9";"";"";"";"";3554904
"Tuiuti";"2019";"6,56";"";"";"";"";3554953
"Tupã";"2019";"4,77";"";"";"";"";3555000
"Tupi Paulista";"2019";"4,69";"";"";"";"";3555109
"Turiúba";"2019";"6,67";"";"";"";"";3555208
"Turmalina";"2019";"-";"";"";"";"";3555307
"Ubarana";"2019";"10,34";"";"";"";"";3555356
"Ubatuba";"2019";"5,07";"";"";"";"";3555406
"Ubirajara";"2019";"11,94";"";"";"";"";3555505
"Uchoa";"2019";"2,73";"";"";"";"";3555604
"União Paulista";"2019";"26,09";"";"";"";"";3555703
"Urânia";"2019";"3,66";"";"";"";"";3555802
"Uru";"2019";"8,33";"";"";"";"";3555901
"Urupês";"2019";"1,65";"";"";"";"";3556008
"Valentim Gentil";"2019";"3,51";"";"";"";"";3556107
"Valinhos";"2019";"2,28";"";"";"";"";3556206
"Valparaíso";"2019";"3,62";"";"";"";"";3556305
"Vargem";"2019";"6,93";"";"";"";"";3556354
"Vargem Grande do Sul";"2019";"6,12";"";"";"";"";3556404
"Vargem Grande Paulista";"2019";"2,46";"";"";"";"";3556453
"Várzea Paulista";"2019";"4,9";"";"";"";"";3556503
"Vera Cruz";"2019";"3,57";"";"";"";"";3556602
"Vinhedo";"2019";"2,48";"";"";"";"";3556701
"Viradouro";"2019";"5,43";"";"";"";"";3556800
"Vista Alegre do Alto";"2019";"5,93";"";"";"";"";3556909
"Vitória Brasil";"2019";"14,29";"";"";"";"";3556958
"Votorantim";"2019";"3,99";"";"";"";"";3557006
"Votuporanga";"2019";"3,03";"";"";"";"";3557105
"Zacarias";"2019";"3,85";"";"";"";"";3557154
